

INSERT INTO `criticalities` (`id`, `name`, `created_at`, `updated_at`) VALUES
(1, 'Crítico', NULL, NULL),
(2, 'Relevante', NULL, NULL),
(3, 'No Critico', NULL, NULL);

-- --------------------------------------------------------



INSERT INTO `criticality_equipment` (`id`, `criticality_id`, `equipment_id`, `created_at`, `updated_at`) VALUES
(1, 1, 1, NULL, NULL),
(2, 1, 2, NULL, NULL),
(3, 3, 3, NULL, NULL),
(4, 3, 4, NULL, NULL),
(5, 3, 5, NULL, NULL),
(6, 3, 6, NULL, NULL),
(7, 1, 7, NULL, NULL),
(8, 3, 8, NULL, NULL),
(9, 3, 9, NULL, NULL),
(10, 3, 10, NULL, NULL),
(11, 3, 11, NULL, NULL),
(12, 2, 12, NULL, NULL),
(13, 3, 13, NULL, NULL),
(14, 3, 14, NULL, NULL),
(15, 3, 15, NULL, NULL),
(16, 3, 16, NULL, NULL),
(17, 3, 17, NULL, NULL),
(18, 3, 18, NULL, NULL),
(19, 3, 19, NULL, NULL),
(20, 3, 20, NULL, NULL),
(21, 3, 21, NULL, NULL),
(22, 3, 22, NULL, NULL),
(23, 3, 23, NULL, NULL),
(24, 3, 24, NULL, NULL),
(25, 3, 25, NULL, NULL),
(26, 3, 26, NULL, NULL),
(27, 3, 27, NULL, NULL),
(28, 2, 28, NULL, NULL),
(29, 2, 29, NULL, NULL),
(30, 2, 30, NULL, NULL),
(31, 2, 31, NULL, NULL),
(32, 3, 32, NULL, NULL),
(33, 3, 33, NULL, NULL),
(34, 2, 34, NULL, NULL),
(35, 2, 35, NULL, NULL),
(36, 2, 36, NULL, NULL),
(37, 2, 37, NULL, NULL),
(38, 2, 38, NULL, NULL),
(39, 3, 39, NULL, NULL),
(40, 3, 40, NULL, NULL),
(41, 3, 41, NULL, NULL),
(42, 2, 42, NULL, NULL),
(43, 3, 43, NULL, NULL),
(44, 3, 44, NULL, NULL),
(45, 2, 45, NULL, NULL),
(46, 2, 46, NULL, NULL),
(47, 2, 47, NULL, NULL),
(48, 3, 48, NULL, NULL),
(49, 3, 49, NULL, NULL),
(50, 3, 50, NULL, NULL),
(51, 3, 51, NULL, NULL),
(52, 3, 52, NULL, NULL),
(53, 3, 53, NULL, NULL),
(54, 3, 54, NULL, NULL),
(55, 2, 55, NULL, NULL),
(56, 2, 56, NULL, NULL),
(57, 2, 57, NULL, NULL),
(58, 2, 58, NULL, NULL),
(59, 2, 59, NULL, NULL),
(60, 2, 60, NULL, NULL),
(61, 3, 61, NULL, NULL),
(62, 3, 62, NULL, NULL),
(63, 3, 63, NULL, NULL),
(64, 3, 64, NULL, NULL),
(65, 3, 65, NULL, NULL),
(66, 3, 66, NULL, NULL),
(67, 3, 67, NULL, NULL),
(68, 3, 68, NULL, NULL),
(69, 3, 69, NULL, NULL),
(70, 3, 70, NULL, NULL),
(71, 3, 71, NULL, NULL),
(72, 3, 72, NULL, NULL),
(73, 3, 73, NULL, NULL),
(74, 3, 74, NULL, NULL),
(75, 3, 75, NULL, NULL),
(76, 3, 76, NULL, NULL),
(77, 3, 77, NULL, NULL),
(78, 3, 78, NULL, NULL),
(79, 3, 79, NULL, NULL),
(80, 3, 80, NULL, NULL),
(81, 3, 81, NULL, NULL),
(82, 3, 82, NULL, NULL),
(83, 3, 83, NULL, NULL),
(84, 3, 84, NULL, NULL),
(85, 3, 85, NULL, NULL),
(86, 3, 86, NULL, NULL),
(87, 3, 87, NULL, NULL),
(88, 3, 88, NULL, NULL),
(89, 3, 89, NULL, NULL),
(90, 3, 90, NULL, NULL),
(91, 3, 91, NULL, NULL),
(92, 3, 92, NULL, NULL),
(93, 3, 93, NULL, NULL),
(94, 3, 94, NULL, NULL),
(95, 3, 95, NULL, NULL),
(96, 3, 96, NULL, NULL),
(97, 3, 97, NULL, NULL),
(98, 3, 98, NULL, NULL),
(99, 3, 99, NULL, NULL),
(100, 3, 100, NULL, NULL),
(101, 3, 101, NULL, NULL),
(102, 3, 102, NULL, NULL),
(103, 3, 103, NULL, NULL),
(104, 3, 104, NULL, NULL),
(105, 3, 105, NULL, NULL),
(106, 3, 106, NULL, NULL),
(107, 3, 107, NULL, NULL),
(108, 3, 108, NULL, NULL),
(109, 3, 109, NULL, NULL),
(110, 3, 110, NULL, NULL),
(111, 3, 111, NULL, NULL),
(112, 1, 112, NULL, NULL),
(113, 1, 113, NULL, NULL),
(114, 1, 114, NULL, NULL),
(115, 1, 115, NULL, NULL),
(116, 1, 116, NULL, NULL),
(117, 1, 117, NULL, NULL),
(118, 1, 118, NULL, NULL),
(119, 1, 119, NULL, NULL),
(120, 1, 120, NULL, NULL),
(121, 1, 121, NULL, NULL),
(122, 1, 122, NULL, NULL),
(123, 1, 123, NULL, NULL),
(124, 1, 124, NULL, NULL),
(125, 1, 125, NULL, NULL),
(126, 1, 126, NULL, NULL),
(127, 1, 127, NULL, NULL),
(128, 1, 128, NULL, NULL),
(129, 1, 129, NULL, NULL),
(130, 1, 130, NULL, NULL),
(131, 1, 131, NULL, NULL),
(132, 1, 132, NULL, NULL),
(133, 1, 133, NULL, NULL),
(134, 1, 134, NULL, NULL),
(135, 1, 135, NULL, NULL),
(136, 1, 136, NULL, NULL),
(137, 1, 137, NULL, NULL),
(138, 1, 138, NULL, NULL),
(139, 1, 139, NULL, NULL),
(140, 1, 140, NULL, NULL),
(141, 1, 141, NULL, NULL),
(142, 3, 142, NULL, NULL),
(143, 3, 143, NULL, NULL),
(144, 3, 144, NULL, NULL),
(145, 3, 145, NULL, NULL),
(146, 3, 146, NULL, NULL),
(147, 3, 147, NULL, NULL),
(148, 3, 148, NULL, NULL),
(149, 3, 149, NULL, NULL),
(150, 3, 150, NULL, NULL),
(151, 3, 151, NULL, NULL),
(152, 3, 152, NULL, NULL),
(153, 3, 153, NULL, NULL),
(154, 3, 154, NULL, NULL),
(155, 3, 155, NULL, NULL),
(156, 3, 156, NULL, NULL),
(157, 3, 157, NULL, NULL),
(158, 3, 158, NULL, NULL),
(159, 1, 159, NULL, NULL),
(160, 3, 160, NULL, NULL),
(161, 3, 161, NULL, NULL),
(162, 3, 162, NULL, NULL),
(163, 3, 163, NULL, NULL),
(164, 3, 164, NULL, NULL),
(165, 3, 165, NULL, NULL),
(166, 3, 166, NULL, NULL),
(167, 3, 167, NULL, NULL),
(168, 3, 168, NULL, NULL),
(169, 3, 169, NULL, NULL),
(170, 3, 170, NULL, NULL),
(171, 3, 171, NULL, NULL),
(172, 3, 172, NULL, NULL),
(173, 3, 173, NULL, NULL),
(174, 3, 174, NULL, NULL),
(175, 3, 175, NULL, NULL),
(176, 3, 176, NULL, NULL),
(177, 3, 177, NULL, NULL),
(178, 3, 178, NULL, NULL),
(179, 3, 179, NULL, NULL),
(180, 1, 180, NULL, NULL),
(181, 3, 181, NULL, NULL),
(182, 3, 182, NULL, NULL),
(183, 3, 183, NULL, NULL),
(184, 3, 184, NULL, NULL),
(185, 3, 185, NULL, NULL),
(186, 3, 186, NULL, NULL),
(187, 3, 187, NULL, NULL),
(188, 3, 188, NULL, NULL),
(189, 3, 189, NULL, NULL),
(190, 3, 190, NULL, NULL),
(191, 3, 191, NULL, NULL),
(192, 3, 192, NULL, NULL),
(193, 3, 193, NULL, NULL),
(194, 3, 194, NULL, NULL),
(195, 1, 195, NULL, NULL),
(196, 3, 196, NULL, NULL),
(197, 3, 197, NULL, NULL),
(198, 3, 198, NULL, NULL),
(199, 3, 199, NULL, NULL),
(200, 3, 200, NULL, NULL),
(201, 3, 201, NULL, NULL),
(202, 3, 202, NULL, NULL),
(203, 3, 203, NULL, NULL),
(204, 3, 204, NULL, NULL),
(205, 3, 205, NULL, NULL),
(206, 3, 206, NULL, NULL),
(207, 3, 207, NULL, NULL),
(208, 3, 208, NULL, NULL),
(209, 3, 209, NULL, NULL),
(210, 3, 210, NULL, NULL),
(211, 3, 211, NULL, NULL),
(212, 3, 212, NULL, NULL),
(213, 3, 213, NULL, NULL),
(214, 1, 214, NULL, NULL),
(215, 3, 215, NULL, NULL),
(216, 3, 216, NULL, NULL),
(217, 3, 217, NULL, NULL),
(218, 3, 218, NULL, NULL),
(219, 3, 219, NULL, NULL),
(220, 3, 220, NULL, NULL),
(221, 3, 221, NULL, NULL),
(222, 3, 222, NULL, NULL),
(223, 3, 223, NULL, NULL),
(224, 3, 224, NULL, NULL),
(225, 3, 225, NULL, NULL),
(226, 3, 226, NULL, NULL),
(227, 3, 227, NULL, NULL),
(228, 3, 228, NULL, NULL),
(229, 3, 229, NULL, NULL),
(230, 3, 230, NULL, NULL),
(231, 3, 231, NULL, NULL),
(232, 3, 232, NULL, NULL),
(233, 3, 233, NULL, NULL),
(234, 3, 234, NULL, NULL),
(235, 3, 235, NULL, NULL),
(236, 3, 236, NULL, NULL),
(237, 3, 237, NULL, NULL),
(238, 3, 238, NULL, NULL),
(239, 3, 239, NULL, NULL),
(240, 3, 240, NULL, NULL),
(241, 1, 241, NULL, NULL),
(242, 3, 242, NULL, NULL),
(243, 3, 243, NULL, NULL),
(244, 3, 244, NULL, NULL),
(245, 3, 245, NULL, NULL),
(246, 3, 246, NULL, NULL),
(247, 3, 247, NULL, NULL),
(248, 3, 248, NULL, NULL),
(249, 3, 249, NULL, NULL),
(250, 3, 250, NULL, NULL),
(251, 3, 251, NULL, NULL),
(252, 3, 252, NULL, NULL),
(253, 3, 253, NULL, NULL),
(254, 3, 254, NULL, NULL),
(255, 3, 255, NULL, NULL),
(256, 3, 256, NULL, NULL),
(257, 3, 257, NULL, NULL),
(258, 3, 258, NULL, NULL),
(259, 3, 259, NULL, NULL),
(260, 3, 260, NULL, NULL),
(261, 3, 261, NULL, NULL),
(262, 3, 262, NULL, NULL),
(263, 3, 263, NULL, NULL),
(264, 3, 264, NULL, NULL),
(265, 3, 265, NULL, NULL),
(266, 3, 266, NULL, NULL),
(267, 3, 267, NULL, NULL),
(268, 3, 268, NULL, NULL),
(269, 3, 269, NULL, NULL),
(270, 3, 270, NULL, NULL),
(271, 3, 271, NULL, NULL),
(272, 2, 272, NULL, NULL),
(273, 3, 273, NULL, NULL),
(274, 3, 274, NULL, NULL),
(275, 3, 275, NULL, NULL),
(276, 3, 276, NULL, NULL),
(277, 3, 277, NULL, NULL),
(278, 3, 278, NULL, NULL),
(279, 3, 279, NULL, NULL),
(280, 3, 280, NULL, NULL),
(281, 3, 281, NULL, NULL),
(282, 3, 282, NULL, NULL),
(283, 3, 283, NULL, NULL),
(284, 3, 284, NULL, NULL),
(285, 3, 285, NULL, NULL),
(286, 3, 286, NULL, NULL),
(287, 3, 287, NULL, NULL),
(288, 3, 288, NULL, NULL),
(289, 3, 289, NULL, NULL),
(290, 1, 290, NULL, NULL),
(291, 3, 291, NULL, NULL),
(292, 3, 292, NULL, NULL),
(293, 3, 293, NULL, NULL),
(294, 3, 294, NULL, NULL),
(295, 3, 295, NULL, NULL),
(296, 3, 296, NULL, NULL),
(297, 3, 297, NULL, NULL),
(298, 3, 298, NULL, NULL),
(299, 3, 299, NULL, NULL),
(300, 3, 300, NULL, NULL),
(301, 3, 301, NULL, NULL),
(302, 3, 302, NULL, NULL),
(303, 3, 303, NULL, NULL),
(304, 3, 304, NULL, NULL),
(305, 3, 305, NULL, NULL),
(306, 3, 306, NULL, NULL),
(307, 3, 307, NULL, NULL),
(308, 1, 308, NULL, NULL),
(309, 3, 309, NULL, NULL),
(310, 3, 310, NULL, NULL),
(311, 3, 311, NULL, NULL),
(312, 3, 312, NULL, NULL),
(313, 3, 313, NULL, NULL),
(314, 3, 314, NULL, NULL),
(315, 3, 315, NULL, NULL),
(316, 3, 316, NULL, NULL),
(317, 3, 317, NULL, NULL),
(318, 3, 318, NULL, NULL),
(319, 3, 319, NULL, NULL),
(320, 3, 320, NULL, NULL),
(321, 3, 321, NULL, NULL),
(322, 3, 322, NULL, NULL),
(323, 3, 323, NULL, NULL),
(324, 3, 324, NULL, NULL),
(325, 3, 325, NULL, NULL),
(326, 3, 326, NULL, NULL),
(327, 3, 327, NULL, NULL),
(328, 3, 328, NULL, NULL),
(329, 3, 329, NULL, NULL),
(330, 3, 330, NULL, NULL),
(331, 3, 331, NULL, NULL),
(332, 3, 332, NULL, NULL),
(333, 3, 333, NULL, NULL),
(334, 3, 334, NULL, NULL),
(335, 3, 335, NULL, NULL),
(336, 3, 336, NULL, NULL),
(337, 3, 337, NULL, NULL),
(338, 3, 338, NULL, NULL),
(339, 3, 339, NULL, NULL),
(340, 3, 340, NULL, NULL),
(341, 3, 341, NULL, NULL),
(342, 3, 342, NULL, NULL),
(343, 3, 343, NULL, NULL),
(344, 3, 344, NULL, NULL),
(345, 3, 345, NULL, NULL),
(346, 3, 346, NULL, NULL),
(347, 3, 347, NULL, NULL),
(348, 3, 348, NULL, NULL),
(349, 3, 349, NULL, NULL),
(350, 3, 350, NULL, NULL),
(351, 3, 351, NULL, NULL),
(352, 3, 352, NULL, NULL),
(353, 3, 353, NULL, NULL),
(354, 3, 354, NULL, NULL),
(355, 3, 355, NULL, NULL),
(356, 3, 356, NULL, NULL),
(357, 3, 357, NULL, NULL),
(358, 3, 358, NULL, NULL),
(359, 3, 359, NULL, NULL),
(360, 3, 360, NULL, NULL),
(361, 3, 361, NULL, NULL),
(362, 3, 362, NULL, NULL),
(363, 3, 363, NULL, NULL),
(364, 3, 364, NULL, NULL),
(365, 3, 365, NULL, NULL),
(366, 3, 366, NULL, NULL),
(367, 3, 367, NULL, NULL),
(368, 3, 368, NULL, NULL),
(369, 3, 369, NULL, NULL),
(370, 3, 370, NULL, NULL),
(371, 3, 371, NULL, NULL),
(372, 3, 372, NULL, NULL),
(373, 3, 373, NULL, NULL),
(374, 3, 374, NULL, NULL),
(375, 3, 375, NULL, NULL),
(376, 3, 376, NULL, NULL),
(377, 3, 377, NULL, NULL),
(378, 3, 378, NULL, NULL),
(379, 3, 379, NULL, NULL),
(380, 3, 380, NULL, NULL),
(381, 3, 381, NULL, NULL),
(382, 3, 382, NULL, NULL),
(383, 3, 383, NULL, NULL),
(384, 3, 384, NULL, NULL),
(385, 3, 385, NULL, NULL),
(386, 3, 386, NULL, NULL),
(387, 3, 387, NULL, NULL),
(388, 3, 388, NULL, NULL),
(389, 3, 389, NULL, NULL),
(390, 3, 390, NULL, NULL),
(391, 3, 391, NULL, NULL),
(392, 3, 392, NULL, NULL),
(393, 3, 393, NULL, NULL),
(394, 3, 394, NULL, NULL),
(395, 3, 395, NULL, NULL),
(396, 3, 396, NULL, NULL),
(397, 2, 397, NULL, NULL),
(398, 3, 398, NULL, NULL),
(399, 3, 399, NULL, NULL),
(400, 3, 400, NULL, NULL),
(401, 3, 401, NULL, NULL),
(402, 3, 402, NULL, NULL),
(403, 3, 403, NULL, NULL),
(404, 3, 404, NULL, NULL),
(405, 3, 405, NULL, NULL),
(406, 3, 406, NULL, NULL),
(407, 3, 407, NULL, NULL),
(408, 3, 408, NULL, NULL),
(409, 2, 409, NULL, NULL),
(410, 2, 410, NULL, NULL),
(411, 3, 411, NULL, NULL),
(412, 3, 412, NULL, NULL),
(413, 3, 413, NULL, NULL),
(414, 3, 414, NULL, NULL);

-- --------------------------------------------------------

--
-- Estructura de tabla para la tabla `empresas`
--


INSERT INTO `companies` (`id`, `name`, `rut`, `phone`, `email`, `observation`, `created_at`, `updated_at`) VALUES
(1, '3M', '96.980.540-5', '+56222059159', 'xcabrera@fulltechnology.cl', '3M Full Technology', NULL, NULL),
(2, 'ABM Medical', '76.047.684-6', '+56225510688', 'info@abmmedical.cl', '', NULL, NULL),
(3, 'Andover', '96.625.550-1', '+56224780000', 'contacto@andover.cl', '', NULL, NULL),
(4, 'Arquimed', '92.999.000-5', '+56226074000', 'arquimed@arquimed.cl', '', NULL, NULL),
(5, 'Automotora Magallanes', '76.419.480-2', '+56612236607', 'ricardoquintana@automag.cl', '', NULL, NULL),
(6, 'Biomerieux', '96.659.920-0', '+56226342092', 'pablo.rojas@biomerieux.com', '', NULL, NULL),
(7, 'Clinica Magallanes', '96.567.920-0', '+56612207231', 'gfuentes@clinicamagallanes.cl', '', NULL, NULL),
(8, 'Data Medica', '76.046.685-9', '+56223414841', 'ari.wortzman@datamedica.cl', '', NULL, NULL),
(9, 'Draeger', '76.033.880-K', '+56224821000', 'marcelo.vidal@draeger.com', '', NULL, NULL),
(10, 'Endochile', '76.595.630-7', '+56953499311', 'cristianvh30@gmail.com', '', NULL, NULL),
(11, 'Farmalatina', '79.728.570-6', '+56228385000', 'patricio.lagos@farmalatina.cl', '', NULL, NULL),
(12, 'Gemco', '76.142.730-K', '+56229799350', 'jalarcon@gemco.cl', '', NULL, NULL),
(13, 'Hoser', '79.555.420-3', '+56223718102', 'luis.rivera@hoser.cl', '', NULL, NULL),
(14, 'Hospira', '76.236.180-9', '+56228739411', 'barbara.sanhueza@hospira.com', 'Pfizer', NULL, NULL),
(15, 'Inmedica', '89.618.500-4', '+56222098292', 'infoventas@imedica.tie.cl', 'Repetur y Compañía', NULL, NULL),
(16, 'Jhonson & Jhonson', '93.745.000-1', '+56223502400', 'atc-chile@orthoclinicaldiagnostics.com', 'Ortho Clinical Diagnost', NULL, NULL),
(17, 'Kaufmann', '92.475.000-6', '+56612212379 ', 'jinyaco@kaufmann.cl', '', NULL, NULL),
(18, 'Medtronic', '77.237.150-0', '+56226403200', 'domingo.e.garro@medtronic.com', '', NULL, NULL),
(19, 'ProCirurgica', '78.375.140-2', '+56227523893', 'barrazag@entelchile.net', '', NULL, NULL),
(20, 'Purytas', '76.206.856-7', '+56977790792', 'crivera@purytas.cl', '', NULL, NULL),
(21, 'PVEquip', '79.895.670-1', '+56223677800', 'info@pvequip.cl', '', NULL, NULL),
(22, 'Roche', '82.999.400-3', '+56224413200', 'hipolito.echenique@roche.com', '', NULL, NULL),
(23, 'Servicio Tecnico Electronico', '12.431.050-4', '+56977976812', 'marcelo.chavez@terumobct.com', 'Marcelo Chavez', NULL, NULL),
(24, 'Siemens', '94.995.000-K', '+56224771000', 'nayarett.riquelme@siemens-healthineers.com', '', NULL, NULL),
(25, 'Tecnigen', '93.020.000-K', '+56223960600', 'kolivera@tecnigen.cl', '', NULL, NULL),
(26, 'Tecnika', '96.625.950-7', '+56225533634', 'info@tecnika.cl', '', NULL, NULL),
(27, 'TLC', '78.762.910-5', '+56226418465', 'ventas@tclonline.cl', 'TCL Online', NULL, NULL),
(28, 'Zepeda', '76.112.212-6', '+56222095128', 'info@zepeda.cl', '', NULL, NULL);




INSERT INTO `equipments` (`id`, `codigo`, `marca`, `modelo`, `n_serie`, `fabricacion`, `f_ingreso`, `vida_util`, `equipo_asociado`, `d_tecnico`, `observaciones`, `termino_garantia`, `estado`, `created_at`, `updated_at`) VALUES
(1, 'DEF5', 'Metrax', 'Defi 92 XD1 M290', '73503000664', 2006, '2007-10-01', 9, '', '', '', '0000-00-00', 0, NULL, NULL),
(2, 'VENT 9', 'Resmed', 'Aircurve 10', '22151323186', 0, '2016-05-02', 9, '', '', '', '0000-00-00', 0, NULL, NULL),
(3, '', 'Mediana', '92 M20', '109715090028', 0, '2016-02-01', 8, '', '', '', '0000-00-00', 0, NULL, NULL),
(4, '', 'Comen', 'CM600', '60140228024C', 0, '2015-01-01', 8, '', '', '', '0000-00-00', 0, NULL, NULL),
(5, '', 'Daewoo', 'FR-093R', 'TR117EA6240059', 0, '2012-01-01', 10, '', '', '', '0000-00-00', 0, NULL, NULL),
(6, '', 'Daewoo', 'FR-093R', 'TR137EA9220219', 0, '2012-01-01', 10, '', '', '', '0000-00-00', 0, NULL, NULL),
(7, 'INC1', 'Draeger', 'Isolette TI500', 'TX07275', 2010, '2010-04-01', 10, '', '', '', '0000-00-00', 0, NULL, NULL),
(8, '', 'Colin', 'P30C-5', '124310080001', 0, '0000-00-00', 7, '', '', '', '0000-00-00', 0, NULL, NULL),
(9, '', 'Draeger', 'JM-105', 'B3501353', 2015, '0000-00-00', 10, '', '', '', '0000-00-00', 0, NULL, NULL),
(10, '', 'Draeger', 'JM-334', 'B7032618', 2015, '0000-00-00', 10, 'Correlativo 009', '', '', '0000-00-00', 0, NULL, NULL),
(11, '', 'Seca', '334', '533415416373', 0, '0000-00-00', 8, '', '', '', '0000-00-00', 0, NULL, NULL),
(12, 'REF11', 'Daewoo', 'FR-093R', 'TR137EA9210209', 2013, '0000-00-00', 10, '', '', '', '0000-00-00', 0, NULL, NULL),
(13, '', 'Criticare', 'Mini SPO2T', '203300028', 1998, '0000-00-00', 7, '', '', '', '0000-00-00', 0, NULL, NULL),
(14, '', 'AII', '2000M', '100693338', 0, '0000-00-00', 8, '', '', '', '0000-00-00', 0, NULL, NULL),
(15, '', 'Apel', 'BR-5200', '5300041', 0, '0000-00-00', 10, '', '', '', '0000-00-00', 0, NULL, NULL),
(16, '', 'Gemmy', 'KHT-410E', '107839', 0, '0000-00-00', 8, '', '', '', '0000-00-00', 0, NULL, NULL),
(17, '', 'Ohio Medical', 'N/A', 'BCCM00902', 0, '0000-00-00', 10, '', '', '', '0000-00-00', 0, NULL, NULL),
(18, '', 'Air Shields', 'PT 533-LE', '00HT43768', 0, '0000-00-00', 10, '', '', '', '0000-00-00', 0, NULL, NULL),
(19, '', 'Fanem', '006-OFL', 'AMB3786', 0, '0000-00-00', 10, '', '', '', '0000-00-00', 0, NULL, NULL),
(20, '', 'N/A', 'N/A', 'N/A', 0, '0000-00-00', 10, '', '', '', '0000-00-00', 0, NULL, NULL),
(21, '', 'Hospira', 'Pluma A+', '18307782', 2014, '0000-00-00', 8, '', '', '', '0000-00-00', 0, NULL, NULL),
(22, '', 'Hospira', 'Pluma A+', '18307702', 2014, '0000-00-00', 8, '', '', '', '0000-00-00', 0, NULL, NULL),
(23, '', 'Hospira', 'Pluma A+', '18297940', 2014, '0000-00-00', 8, '', '', '', '0000-00-00', 0, NULL, NULL),
(24, '', 'Hospira', 'Pluma A+', '18307766', 2014, '0000-00-00', 8, '', '', '', '0000-00-00', 0, NULL, NULL),
(25, '', 'Hospira', 'Pluma A+', '18307466', 2014, '0000-00-00', 8, '', '', '', '0000-00-00', 0, NULL, NULL),
(26, '', 'Hospira', 'Pluma A+', '18307774', 2014, '0000-00-00', 8, '', '', '', '0000-00-00', 0, NULL, NULL),
(27, '', 'Hospira', 'Pluma A+', '75201426', 2014, '0000-00-00', 8, '', '', '', '0000-00-00', 0, NULL, NULL),
(28, 'VITROS5600', 'Jhonson & Jhonson', 'Vitros 5600', '56001652', 0, '2014-09-24', 8, '', '', '', '0000-00-00', 0, NULL, NULL),
(29, 'TOSOH', 'Tosoh', 'IAI360', '12208407', 0, '2014-09-22', 8, '', '', '', '0000-00-00', 0, NULL, NULL),
(30, 'GAS1', 'Siemens', 'rapidlab 348ex', 'B512', 0, '2016-04-01', 8, '', '', '', '0000-00-00', 0, NULL, NULL),
(31, 'GAS2', 'Siemens', 'rapidlab 348ex', 'B516', 0, '2016-04-01', 8, '', '', '', '0000-00-00', 0, NULL, NULL),
(32, '', 'Siemens', 'advantus', '6150', 0, '2016-04-01', 8, '', '', '', '0000-00-00', 0, NULL, NULL),
(33, '', 'Siemens', 'status', '258428', 0, '2016-04-01', 8, '', '', '', '0000-00-00', 0, NULL, NULL),
(34, 'VITROS350', 'Jhonson & Jhonson', 'Vitros 350', '27000477', 0, '2014-10-11', 8, '', '', '', '0000-00-00', 0, NULL, NULL),
(35, 'VITROSECIQ', 'Jhonson & Jhonson', 'Vitros ECIQ', '30004163', 0, '2014-09-24', 8, '', '', '', '0000-00-00', 0, NULL, NULL),
(36, 'MINIVIDAS', 'Biomerieux', 'Minividas Blue', 'IVD5205170', 0, '2016-08-26', 8, '', '', '', '0000-00-00', 0, NULL, NULL),
(37, 'CD RUBY', 'Abbott', 'Cell-Dyn Ruby', '54454BG', 0, '2014-06-27', 8, '', '', '', '0000-00-00', 0, NULL, NULL),
(38, 'STAGO', 'Diagnostica STAGO', 'STA Satellite', 'BG83011677', 0, '2013-11-07', 8, '', '', '', '0000-00-00', 0, NULL, NULL),
(39, '', 'Vital Diagnostics', '92 20', '', 0, '2013-01-01', 8, '', '', '', '0000-00-00', 0, NULL, NULL),
(40, '', 'Biomerieux', 'Bact/Alert 3D/60', '', 0, '2015-12-01', 8, '', '', '', '0000-00-00', 0, NULL, NULL),
(41, '', 'Biomerieux', 'Vitek2 Compact', '', 0, '2015-12-01', 8, '', '', '', '0000-00-00', 0, NULL, NULL),
(42, 'GAB1', 'TCL', 'BSC1100IIA2-X Clase II', 'BSC11A1851', 0, '2014-11-17', 8, '', '', '', '0000-00-00', 0, NULL, NULL),
(43, '', 'Thermo', 'Heratherm IGS100', '41587878', 0, '2014-01-22', 8, '', '', '', '0000-00-00', 0, NULL, NULL),
(44, '', 'Schuett', 'Phoenix II', '', 0, '2015-06-13', 10, '', '', '', '0000-00-00', 0, NULL, NULL),
(45, 'RE9', 'Whirlpool', 'WRM38BBM', 'WRH38BBM', 0, '0000-00-00', 10, '', '', '', '0000-00-00', 0, NULL, NULL),
(46, 'RE7', 'Framec', '1931', '200044928', 0, '0000-00-00', 10, '', '', '', '0000-00-00', 0, NULL, NULL),
(47, 'RE8', 'Heal Force', 'HF35-U40', '0606US0020', 0, '2007-05-29', 10, '', '', '', '0000-00-00', 0, NULL, NULL),
(48, '', 'Hettich', 'Rotofix 32A', '', 0, '0000-00-00', 8, '', '', '', '0000-00-00', 0, NULL, NULL),
(49, '', 'Aosiheng', 'TD2-24', '', 0, '2016-01-01', 8, '', '', '', '0000-00-00', 0, NULL, NULL),
(50, '', 'FyQ', 'Fy100', '', 0, '2016-01-01', 8, '', '', '', '0000-00-00', 0, NULL, NULL),
(51, '', 'Wisebath', 'WB-6', '', 0, '0000-00-00', 8, '', '', '', '0000-00-00', 0, NULL, NULL),
(52, '', 'Terumo', 'Penpol', '', 0, '0000-00-00', 10, '', '', '', '0000-00-00', 0, NULL, NULL),
(53, '', 'Iprom', '', '', 0, '0000-00-00', 8, '', '', '', '0000-00-00', 0, NULL, NULL),
(54, '', 'Equilab', 'Presvac AE-500A', '', 0, '0000-00-00', 8, '', '', '', '0000-00-00', 0, NULL, NULL),
(55, 'AC1-M', 'Tuttnauer', 'T-Max 8', '1209063', 0, '2013-10-01', 10, '', '', '', '0000-00-00', 0, NULL, NULL),
(56, 'MD1', 'Gambro', 'AK95S', '28418', 0, '2007-06-29', 10, '', '', '', '0000-00-00', 0, NULL, NULL),
(57, 'MO1', 'Gambro', 'WRO300', 'W100001001', 0, '2007-06-29', 10, 'Correlativo 056', '', '', '0000-00-00', 0, NULL, NULL),
(58, 'EC2', 'Sonosite', 'M-Turbo', 'A3KDT', 0, '2010-11-26', 8, '', '', '', '0000-00-00', 0, NULL, NULL),
(59, 'EC3', 'GE', 'Voluson E8', 'D20114', 0, '2013-09-10', 8, '', '', '', '0000-00-00', 0, NULL, NULL),
(60, 'EC1', 'Philips', 'HD9', 'A92511300000092', 0, '2015-01-01', 8, '', '', '', '0000-00-00', 0, NULL, NULL),
(61, '', 'Hospira', 'Pluma A+', '18307735', 2014, '0000-00-00', 8, '', '', '', '0000-00-00', 0, NULL, NULL),
(62, '', 'Hospira', 'Pluma A+', '18307736', 2014, '0000-00-00', 8, '', '', '', '0000-00-00', 0, NULL, NULL),
(63, '', 'Hospira', 'Pluma A+', '18307737', 2014, '0000-00-00', 8, '', '', '', '0000-00-00', 0, NULL, NULL),
(64, '', 'Hospira', 'Pluma A+', '18307738', 2014, '0000-00-00', 8, '', '', '', '0000-00-00', 0, NULL, NULL),
(65, '', 'Hospira', 'Pluma A+', '18307739', 2014, '0000-00-00', 8, '', '', '', '0000-00-00', 0, NULL, NULL),
(66, '', 'Hospira', 'Pluma A+', '18307740', 2014, '0000-00-00', 8, '', '', '', '0000-00-00', 0, NULL, NULL),
(67, '', 'Hospira', 'Pluma A+', '18307741', 2014, '0000-00-00', 8, '', '', '', '0000-00-00', 0, NULL, NULL),
(68, '', 'Hospira', 'Pluma A+', '18307742', 2014, '0000-00-00', 8, '', '', '', '0000-00-00', 0, NULL, NULL),
(69, '', 'Hospira', 'Pluma A+', '18307743', 2014, '0000-00-00', 8, '', '', '', '0000-00-00', 0, NULL, NULL),
(70, '', 'Hospira', 'Pluma A+', '18307744', 2014, '0000-00-00', 8, '', '', '', '0000-00-00', 0, NULL, NULL),
(71, '', 'Hospira', 'Pluma A+', '18307745', 2014, '0000-00-00', 8, '', '', '', '0000-00-00', 0, NULL, NULL),
(72, '', 'Hospira', 'Pluma A+', '18307746', 2014, '0000-00-00', 8, '', '', '', '0000-00-00', 0, NULL, NULL),
(73, '', 'Hospira', 'Pluma A+', '18307747', 2014, '0000-00-00', 8, '', '', '', '0000-00-00', 0, NULL, NULL),
(74, '', 'Hospira', 'Pluma A+', '18307748', 2014, '0000-00-00', 8, '', '', '', '0000-00-00', 0, NULL, NULL),
(75, '', 'Hospira', 'Pluma A+', '18307749', 2014, '0000-00-00', 8, '', '', '', '0000-00-00', 0, NULL, NULL),
(76, '', 'Hospira', 'Pluma A+', '18307750', 2014, '0000-00-00', 8, '', '', '', '0000-00-00', 0, NULL, NULL),
(77, '', 'Hospira', 'Pluma A+', '18307751', 2014, '0000-00-00', 8, '', '', '', '0000-00-00', 0, NULL, NULL),
(78, '', 'Hospira', 'Pluma A+', '18307752', 2014, '0000-00-00', 8, '', '', '', '0000-00-00', 0, NULL, NULL),
(79, '', 'Hospira', 'Pluma A+', '18307753', 2014, '0000-00-00', 8, '', '', '', '0000-00-00', 0, NULL, NULL),
(80, '', 'Hospira', 'Pluma A+', '18307754', 2014, '0000-00-00', 8, '', '', '', '0000-00-00', 0, NULL, NULL),
(81, '', 'Hospira', 'Pluma A+', '18307755', 2014, '0000-00-00', 8, '', '', '', '0000-00-00', 0, NULL, NULL),
(82, '', 'Hospira', 'Pluma A+', '18307756', 2014, '0000-00-00', 8, '', '', '', '0000-00-00', 0, NULL, NULL),
(83, '', 'Hospira', 'Pluma A+', '18307757', 2014, '0000-00-00', 8, '', '', '', '0000-00-00', 0, NULL, NULL),
(84, '', 'Hospira', 'Pluma A+', '18307758', 2014, '0000-00-00', 8, '', '', '', '0000-00-00', 0, NULL, NULL),
(85, '', 'Hospira', 'Pluma A+', '18307759', 2014, '0000-00-00', 8, '', '', '', '0000-00-00', 0, NULL, NULL),
(86, '', 'Hospira', 'Pluma A+', '18307760', 2014, '0000-00-00', 8, '', '', '', '0000-00-00', 0, NULL, NULL),
(87, '', 'Hospira', 'Pluma A+', '18307761', 2014, '0000-00-00', 8, '', '', '', '0000-00-00', 0, NULL, NULL),
(88, '', 'Hospira', 'Pluma A+', '18307762', 2014, '0000-00-00', 8, '', '', '', '0000-00-00', 0, NULL, NULL),
(89, '', 'Hospira', 'Pluma A+', '18307763', 2014, '0000-00-00', 8, '', '', '', '0000-00-00', 0, NULL, NULL),
(90, '', 'Hospira', 'Pluma A+', '18307764', 2014, '0000-00-00', 8, '', '', '', '0000-00-00', 0, NULL, NULL),
(91, '', 'Hospira', 'Pluma A+', '18307765', 2014, '0000-00-00', 8, '', '', '', '0000-00-00', 0, NULL, NULL),
(92, '', 'Hospira', 'Pluma A+', '18307766', 2014, '0000-00-00', 8, '', '', '', '0000-00-00', 0, NULL, NULL),
(93, '', 'Hospira', 'Pluma A+', '18307767', 2014, '0000-00-00', 8, '', '', '', '0000-00-00', 0, NULL, NULL),
(94, '', 'Hospira', 'Pluma A+', '18307768', 2014, '0000-00-00', 8, '', '', '', '0000-00-00', 0, NULL, NULL),
(95, '', 'Hospira', 'Pluma A+', '18307769', 2014, '0000-00-00', 8, '', '', '', '0000-00-00', 0, NULL, NULL),
(96, '', 'Hospira', 'Pluma A+', '18307770', 2014, '0000-00-00', 8, '', '', '', '0000-00-00', 0, NULL, NULL),
(97, '', 'Hospira', 'Pluma A+', '18307771', 2014, '0000-00-00', 8, '', '', '', '0000-00-00', 0, NULL, NULL),
(98, '', 'Hospira', 'Pluma A+', '18307772', 2014, '0000-00-00', 8, '', '', '', '0000-00-00', 0, NULL, NULL),
(99, '', 'Hospira', 'Pluma A+', '18307773', 2014, '0000-00-00', 8, '', '', '', '0000-00-00', 0, NULL, NULL),
(100, '', 'Hospira', 'Pluma A+', '18307774', 2014, '0000-00-00', 8, '', '', '', '0000-00-00', 0, NULL, NULL),
(101, '', 'Hospira', 'Pluma A+', '18307775', 2014, '0000-00-00', 8, '', '', '', '0000-00-00', 0, NULL, NULL),
(102, '', 'Hospira', 'Pluma A+', '18307776', 2014, '0000-00-00', 8, '', '', '', '0000-00-00', 0, NULL, NULL),
(103, '', 'Hospira', 'Pluma A+', '18307777', 2014, '0000-00-00', 8, '', '', '', '0000-00-00', 0, NULL, NULL),
(104, '', 'Hospira', 'Pluma A+', '18307778', 2014, '0000-00-00', 8, '', '', '', '0000-00-00', 0, NULL, NULL),
(105, '', 'Hospira', 'Pluma A+', '18307779', 2014, '0000-00-00', 8, '', '', '', '0000-00-00', 0, NULL, NULL),
(106, '', 'Hospira', 'Pluma A+', '18307780', 2014, '0000-00-00', 8, '', '', '', '0000-00-00', 0, NULL, NULL),
(107, '', 'Hospira', 'Pluma A+', '18307781', 2014, '0000-00-00', 8, '', '', '', '0000-00-00', 0, NULL, NULL),
(108, '', 'Hospira', 'Pluma A+', '18307782', 2014, '0000-00-00', 8, '', '', '', '0000-00-00', 0, NULL, NULL),
(109, '', 'Hospira', 'Pluma A+', '18307783', 2014, '0000-00-00', 8, '', '', '', '0000-00-00', 0, NULL, NULL),
(110, '', 'Hospira', 'Pluma A+', '18307784', 2014, '0000-00-00', 8, '', '', '', '0000-00-00', 0, NULL, NULL),
(111, '', 'Hospira', 'Pluma A+', '18307785', 2014, '0000-00-00', 8, '', '', '', '0000-00-00', 0, NULL, NULL),
(112, 'AN1', 'Draeger', 'Primus', 'ASAM0171', 2009, '2009-12-10', 9, '', '', '', '0000-00-00', 0, NULL, NULL),
(113, 'AN2', 'Draeger', 'Primus', 'ARUF0161', 2004, '2009-11-10', 9, '', '', '', '0000-00-00', 0, NULL, NULL),
(114, 'AN3', 'Draeger', 'Primus', 'ASAM0170', 2009, '2009-11-10', 9, '', '', '', '0000-00-00', 0, NULL, NULL),
(115, 'VENT1', 'Draeger', 'Evita XL', 'ARYE0098', 2007, '2007-08-01', 9, '', '', '', '0000-00-00', 0, NULL, NULL),
(116, 'VENT2', 'Draeger', 'Evita 4', 'ARYE0097', 2007, '2007-08-01', 9, '', '', '', '0000-00-00', 0, NULL, NULL),
(117, 'VENT3', 'Draeger', 'Evita 4', 'ARZN0274', 2008, '2009-04-01', 9, '', '', '', '0000-00-00', 0, NULL, NULL),
(118, 'VENT5', 'Draeger', 'Oxylog 2000', 'SRTN0040', 2003, '2007-08-01', 9, '', '', '', '0000-00-00', 0, NULL, NULL),
(119, 'VENT6', 'Philips', 'V60', '201003418', 2011, '2012-12-01', 9, '', '', '', '0000-00-00', 0, NULL, NULL),
(120, 'VENT7', 'Puritan Benett', '840', '3512160214', 0, '2016-05-09', 9, '', '', '', '0000-00-00', 0, NULL, NULL),
(121, 'VENT8', 'Puritan Benett', '840', '3512160204', 0, '2016-05-09', 9, '', '', '', '0000-00-00', 0, NULL, NULL),
(122, 'DEF1', 'Medtronic', 'Lifepak 20', '39424088', 2010, '2011-02-01', 9, '', '', '', '0000-00-00', 0, NULL, NULL),
(123, 'DEF2', 'Medtronic', 'Lifepak 20', '39418346', 2010, '2011-02-01', 9, '', '', '', '0000-00-00', 0, NULL, NULL),
(124, 'DEF3', 'Medtronic', 'Lifepak 20', '39424092', 2010, '2011-02-01', 9, '', '', '', '0000-00-00', 0, NULL, NULL),
(125, 'DEF4', 'Metrax', 'Defi 92 XD1 M290', '73505000176', 2006, '2007-04-10', 9, '', '', '', '0000-00-00', 0, NULL, NULL),
(126, 'MMP3', 'Draeger', 'Vista', '551401077', 2007, '2017-10-01', 8, 'Correlativo 398', '', '', '0000-00-00', 0, NULL, NULL),
(127, 'MMP4', 'Draeger', 'Vista', '5514577763', 2007, '2007-05-01', 8, '', '', '', '0000-00-00', 0, NULL, NULL),
(128, 'MMP5', 'Draeger', 'Vista', '5514565072', 2007, '2007-05-01', 8, '', '', '', '0000-00-00', 0, NULL, NULL),
(129, 'MMP6', 'Draeger', 'Vista', '5514646163', 2007, '2007-05-01', 8, '', '', '', '0000-00-00', 0, NULL, NULL),
(130, 'MMP7', 'Draeger', 'Vista XL', '5398515854', 2007, '2007-05-01', 8, '', '', '', '0000-00-00', 0, NULL, NULL),
(131, 'MMP8', 'Draeger', 'Vista XL', '5398309952', 2007, '2007-08-01', 8, '', '', '', '0000-00-00', 0, NULL, NULL),
(132, 'MMP9', 'Draeger', 'Vista XL', '5396561959', 2007, '2007-08-01', 8, '', '', '', '0000-00-00', 0, NULL, NULL),
(133, 'MMP10', 'Draeger', 'Vista XL', '5598312262', 2007, '2007-08-01', 8, '', '', '', '0000-00-00', 0, NULL, NULL),
(134, 'MMP11', 'Draeger', 'Vista XL', '5396660362', 2007, '2007-08-01', 8, '', '', '', '0000-00-00', 0, NULL, NULL),
(135, 'MMP12', 'Draeger', 'Vista XL', '5398418059', 2007, '2007-08-01', 8, '', '', '', '0000-00-00', 0, NULL, NULL),
(136, 'MMP13', 'Draeger', 'Gamma XL', '5513630966', 2009, '2009-12-01', 8, '', '', '', '0000-00-00', 0, NULL, NULL),
(137, 'MMP14', 'Draeger', 'Delta', '6001677074', 2009, '2009-12-01', 8, '', '', '', '0000-00-00', 0, NULL, NULL),
(138, 'MMP15', 'Draeger', 'Gamma XL', '5513620077', 2009, '2009-12-01', 8, '', '', '', '0000-00-00', 0, NULL, NULL),
(139, 'MMP16', 'Draeger', 'Delta', '6001667272', 2009, '2009-01-10', 8, '', '', '', '0000-00-00', 0, NULL, NULL),
(140, 'AMB1', 'Peugeot', 'Boxer', '10TRJ10426779', 0, '2011-03-08', 10, '', '', '', '0000-00-00', 0, NULL, NULL),
(141, 'AMB2', 'Mercedes Benz', 'VITO 111 6.5', '646982518086223', 0, '2011-01-08', 10, '', '', '', '0000-00-00', 0, NULL, NULL),
(142, '', 'Renosem', 'Reno-S130', 'S130130765', 0, '2013-11-30', 10, '', '', '', '0000-00-00', 0, NULL, NULL),
(143, '', '3M', 'Attest Auto-reader 490', '105926', 0, '2013-01-01', 10, 'Correlativo 055', '', '', '0000-00-00', 0, NULL, NULL),
(144, '', '3M', 'Attest Auto-reader', '206131', 0, '0000-00-00', 10, 'Correlativo 055', '', '', '0000-00-00', 0, NULL, NULL),
(145, '', '3M', '5XL', '820365', 0, '2016-06-24', 10, '', '', '', '0000-00-00', 0, NULL, NULL),
(146, '', '3M', 'Attest Auto-reader', '303731', 0, '2016-06-24', 10, 'Correlativo 145', '', '', '0000-00-00', 0, NULL, NULL),
(147, '', 'SPS Medical', 'N/A', '1045', 0, '0000-00-00', 10, 'Correlativo 142', '', '', '0000-00-00', 0, NULL, NULL),
(148, '', 'Hawo', 'Greentek', '447154', 0, '0000-00-00', 10, '', '', '', '0000-00-00', 0, NULL, NULL),
(149, '', 'Steritek', '9606', '38', 0, '0000-00-00', 10, '', '', '', '0000-00-00', 0, NULL, NULL),
(150, '', 'Naturallight', 'N/A', 'N/A', 0, '0000-00-00', 10, '', '', '', '0000-00-00', 0, NULL, NULL),
(151, '', 'N/A', 'SP600', '7390108', 0, '0000-00-00', 10, '', '', '', '0000-00-00', 0, NULL, NULL),
(152, '', 'N/A', 'Tube Dryer III', 'N/A', 0, '0000-00-00', 10, '', '', '', '0000-00-00', 0, NULL, NULL),
(153, '', 'Medisafe', 'Sonic Irrigator SA', 'N/A', 0, '0000-00-00', 10, '', '', '', '0000-00-00', 0, NULL, NULL),
(154, '', 'SII', 'DPU-414', '1036297', 0, '0000-00-00', 10, 'Correlativo 154', '', '', '0000-00-00', 0, NULL, NULL),
(155, '', 'Purytas', 'PURR0600PC', 'N/A', 0, '0000-00-00', 10, '', '', '', '0000-00-00', 0, NULL, NULL),
(156, '', 'Purytas', 'PURAB25A34', 'N/A', 0, '0000-00-00', 10, 'Correlativo 156', '', '', '0000-00-00', 0, NULL, NULL),
(157, '', 'Mobil O graph', 'Vers20', 'C068804', 0, '0000-00-00', 8, '', '', '', '0000-00-00', 0, NULL, NULL),
(158, '', 'Mobil O graph', 'Vers20', 'C20539', 0, '0000-00-00', 8, '', '', '', '0000-00-00', 0, NULL, NULL),
(159, 'MMP17', 'Draeger', 'Delta', '6001677573', 0, '2009-11-10', 8, 'Correlativo 114', '', '', '0000-00-00', 0, NULL, NULL),
(160, '', 'Trademark', '305', '77301822', 0, '0000-00-00', 8, '', '', '', '0000-00-00', 0, NULL, NULL),
(161, '', 'Covidien', 'N/A', '638', 0, '0000-00-00', 5, '', '', '', '0000-00-00', 0, NULL, NULL),
(162, '', 'Covidien', 'MMW-2636C-DC', 'UAAA7855', 0, '0000-00-00', 8, 'Correlativo 162', '', '', '0000-00-00', 0, NULL, NULL),
(163, '', 'Covidien', 'MLW-2623C-DC', 'UAAA7779', 0, '0000-00-00', 8, 'Correlativo 162', '', '', '0000-00-00', 0, NULL, NULL),
(164, '', 'Covidien', 'F104', '1502CE0051', 0, '0000-00-00', 5, 'Correlativo 162', '', '', '0000-00-00', 0, NULL, NULL),
(165, '', 'Covidien', 'HD1080P', '489015', 0, '0000-00-00', 5, 'Correlativo 162', '', '', '0000-00-00', 0, NULL, NULL),
(166, '', 'Covidien', 'LED200', '487038', 0, '0000-00-00', 5, 'Correlativo 162', '', '', '0000-00-00', 0, NULL, NULL),
(167, '', 'Covidien', 'Force Trial', 'T0H17869E', 0, '0000-00-00', 7, '', '', '', '0000-00-00', 0, NULL, NULL),
(168, '', 'EMS', 'Litoclas II', 'BG00686', 0, '0000-00-00', 5, '', '', '', '0000-00-00', 0, NULL, NULL),
(169, '', 'Maquet', 'Betastar', '2371', 0, '0000-00-00', 10, '', '', '', '0000-00-00', 0, NULL, NULL),
(170, '', 'Draeger', 'Polaris 500DC', '100000009820', 0, '0000-00-00', 10, '', '', '', '0000-00-00', 0, NULL, NULL),
(171, '', 'Draeger', 'Polaris 700DC', '1000000011021', 0, '0000-00-00', 10, '', '', '', '0000-00-00', 0, NULL, NULL),
(172, '', 'Fresenius Kabi', 'Agilia GB', '20251362', 0, '0000-00-00', 8, '', '', '', '0000-00-00', 0, NULL, NULL),
(173, '', 'Hospira', 'Pluma A+', '18305829', 2014, '0000-00-00', 8, '', '', '', '0000-00-00', 0, NULL, NULL),
(174, '', 'Hospira', 'Pluma A+', '18307518', 2014, '0000-00-00', 8, '', '', '', '0000-00-00', 0, NULL, NULL),
(175, '', 'Fresenius Vial', 'Base Primea', '20345954', 0, '0000-00-00', 8, '', '', '', '0000-00-00', 0, NULL, NULL),
(176, '', 'Fresenius Vial', 'Orchestra', '20646128', 0, '0000-00-00', 8, 'Correlativo 176', '', '', '0000-00-00', 0, NULL, NULL),
(177, '', 'Fresenius Vial', 'Orchestra', '20646127', 0, '0000-00-00', 8, 'Correlativo 176', '', '', '0000-00-00', 0, NULL, NULL),
(178, '', 'Valleylab', 'Force FX', 'F6H489113A', 0, '0000-00-00', 7, '', '', '', '0000-00-00', 0, NULL, NULL),
(179, '', 'Maquet', 'Alpha Classic Pro', '10364', 0, '0000-00-00', 10, '', '', '', '0000-00-00', 0, NULL, NULL),
(180, 'MMP18', 'Draeger', 'Delta', '6000425473', 0, '2009-11-10', 8, 'Correlativo 113', '', '', '0000-00-00', 0, NULL, NULL),
(181, '', 'Fanem', 'Multisystem 2051', 'TAG-822026', 0, '0000-00-00', 10, '', '', '', '0000-00-00', 0, NULL, NULL),
(182, '', 'Flaem Nuova', 'N/A', '069837/LA', 0, '0000-00-00', 8, 'Correlativo 182', '', '', '0000-00-00', 0, NULL, NULL),
(183, '', 'Draeger', 'Polaris 500DC', '100000009822', 0, '0000-00-00', 10, '', '', '', '0000-00-00', 0, NULL, NULL),
(184, '', 'Draeger', 'Polaris 700DC', '1000000010867', 0, '0000-00-00', 10, '', '', '', '0000-00-00', 0, NULL, NULL),
(185, '', 'Hospira', 'Pluma A+', '95984234', 2014, '0000-00-00', 8, '', '', '', '0000-00-00', 0, NULL, NULL),
(186, '', 'Hospira', 'Pluma A+', '18307498', 2014, '0000-00-00', 8, '', '', '', '0000-00-00', 0, NULL, NULL),
(187, '', 'Fresenius Vial', 'Base Primea', '20226223', 0, '0000-00-00', 8, '', '', '', '0000-00-00', 0, NULL, NULL),
(188, '', 'Fresenius Vial', 'Orchestra', '20196537', 0, '0000-00-00', 8, 'Correlativo 188', '', '', '0000-00-00', 0, NULL, NULL),
(189, '', 'Fresenius Vial', 'Orchestra', '20196536', 0, '0000-00-00', 8, 'Correlativo 188', '', '', '0000-00-00', 0, NULL, NULL),
(190, '', 'Hospira', 'Sapphire', '30012-5463', 0, '0000-00-00', 8, '', '', '', '0000-00-00', 0, NULL, NULL),
(191, '', 'Hospira', 'Sapphire', '30012-5377', 0, '0000-00-00', 8, '', '', '', '0000-00-00', 0, NULL, NULL),
(192, '', 'Hospira', 'Sapphire', '30012-5024', 0, '0000-00-00', 8, '', '', '', '0000-00-00', 0, NULL, NULL),
(193, '', 'Hospira', 'Sapphire', '30012-2239', 0, '0000-00-00', 8, '', '', '', '0000-00-00', 0, NULL, NULL),
(194, '', 'Maquet', 'Betastar', '2372', 0, '0000-00-00', 10, '', '', '', '0000-00-00', 0, NULL, NULL),
(195, 'INC2', 'Draeger', 'N/A', 'GF10345', 0, '2015-04-30', 10, '', '', '', '0000-00-00', 0, NULL, NULL),
(196, '', 'Seca', '374', '5374247069975', 0, '0000-00-00', 8, '', '', '', '0000-00-00', 0, NULL, NULL),
(197, '', 'Hospira', 'Pluma A+', '18302710', 2014, '0000-00-00', 8, '', '', '', '0000-00-00', 0, NULL, NULL),
(198, '', 'N/A', '113210', 'S102336', 0, '0000-00-00', 10, '', '', '', '0000-00-00', 0, NULL, NULL),
(199, '', 'Hospira', 'Pluma A+', '18306891', 2014, '0000-00-00', 8, '', '', '', '0000-00-00', 0, NULL, NULL),
(200, '', 'Hospira', 'Pluma A+', '13605783', 2014, '0000-00-00', 8, '', '', '', '0000-00-00', 0, NULL, NULL),
(201, '', 'GE', 'Corometrics 171', 'SAS07169061PA', 0, '0000-00-00', 8, '', '', '', '0000-00-00', 0, NULL, NULL),
(202, '', 'Stryker', 'LD304', '1111030028', 0, '0000-00-00', 10, '', '', '', '0000-00-00', 0, NULL, NULL),
(203, '', 'Warmair', '135', '081-1355596', 0, '0000-00-00', 10, '', '', '', '0000-00-00', 0, NULL, NULL),
(204, '', 'Amsco', 'Polaris', 'N/A', 0, '0000-00-00', 10, '', '', '', '0000-00-00', 0, NULL, NULL),
(205, '', 'Amsco', 'Polaris', 'N/A', 0, '0000-00-00', 10, '', '', '', '0000-00-00', 0, NULL, NULL),
(206, '', 'Hill Rom', '881', '881-28C99-M', 0, '0000-00-00', 10, '', '', '', '0000-00-00', 0, NULL, NULL),
(207, '', 'STERIS', 'N/A', 'N/A', 0, '0000-00-00', 10, '', '', '', '0000-00-00', 0, NULL, NULL),
(208, '', 'Sythes', 'Universal Battery Charger II', '1489', 0, '0000-00-00', 8, '', '', '', '0000-00-00', 0, NULL, NULL),
(209, '', 'Sharplan', '1030', '29-001', 0, '0000-00-00', 7, '', '', '', '0000-00-00', 0, NULL, NULL),
(210, '', 'Fisher & Pykel', 'CosyCot', '30811300667', 0, '0000-00-00', 10, '', '', '', '0000-00-00', 0, NULL, NULL),
(211, '', 'Flaem Nuova', 'N/A', '12A62002139', 0, '0000-00-00', 8, '', '', '', '0000-00-00', 0, NULL, NULL),
(212, '', 'Fisher & Pykel', 'Neopuff', '120306001560', 0, '0000-00-00', 8, '', '', '', '0000-00-00', 0, NULL, NULL),
(213, '', 'Hospira', 'Pluma A+', '18337741', 2014, '0000-00-00', 8, '', '', '', '0000-00-00', 0, NULL, NULL),
(214, 'MMP19', 'Draeger', 'Delta', '6001667076', 0, '2009-12-10', 8, 'Correlativo 112', '', '', '0000-00-00', 0, NULL, NULL),
(215, '', 'Hospira', 'Pluma A+', '18335938', 2014, '0000-00-00', 8, '', '', '', '0000-00-00', 0, NULL, NULL),
(216, '', 'Hospira', 'Pluma A+', '18307738', 2014, '0000-00-00', 8, '', '', '', '0000-00-00', 0, NULL, NULL),
(217, '', 'Fresenius Kabi', 'Agilia GB', '20251363', 0, '0000-00-00', 8, '', '', '', '0000-00-00', 0, NULL, NULL),
(218, '', 'Fresenius Vial', 'Base Primea', '20880991', 0, '0000-00-00', 8, '', '', '', '0000-00-00', 0, NULL, NULL),
(219, '', 'Fresenius Vial', 'Orchestra', '20881619', 0, '0000-00-00', 8, 'Correlativo 219', '', '', '0000-00-00', 0, NULL, NULL),
(220, '', 'Fresenius Vial', 'Orchestra', '20881618', 0, '0000-00-00', 8, 'Correlativo 219', '', '', '0000-00-00', 0, NULL, NULL),
(221, '', 'Valleylab', 'Force FX', 'S2D04463AX', 0, '0000-00-00', 7, '', '', '', '0000-00-00', 0, NULL, NULL),
(222, '', 'Draeger', 'Polaris 500DC', '100000009998', 0, '0000-00-00', 10, '', '', '', '0000-00-00', 0, NULL, NULL),
(223, '', 'Draeger', 'Polaris 700DC', '1000000010864', 0, '0000-00-00', 10, '', '', '', '0000-00-00', 0, NULL, NULL),
(224, '', 'Ethicon', 'Gen11', '1111229865', 0, '0000-00-00', 7, '', '', '', '0000-00-00', 0, NULL, NULL),
(225, '', 'Helico', 'N/A', 'N/A', 0, '0000-00-00', 5, '', '', '', '0000-00-00', 0, NULL, NULL),
(226, '', 'Delfi', 'Dual PTS', '2007-1686-1687', 0, '0000-00-00', 7, '', '', '', '0000-00-00', 0, NULL, NULL),
(227, '', 'Vasconcellos', 'N/A', 'N/A', 0, '0000-00-00', 8, '', '', '', '0000-00-00', 0, NULL, NULL),
(228, '', 'Optomic', 'Fribrolux 150', '34121413', 0, '0000-00-00', 8, '', '', '', '0000-00-00', 0, NULL, NULL),
(229, '', 'karl Zeiss', 'Stativ S3', '204965', 0, '0000-00-00', 8, '', '', '', '0000-00-00', 0, NULL, NULL),
(230, '', 'karl Zeiss', 'Stativ S7', '6628162517', 0, '0000-00-00', 8, '', '', '', '0000-00-00', 0, NULL, NULL),
(231, '', 'Afiliated Hospital Products', 'DP311', '3652', 0, '0000-00-00', 10, '', '', '', '0000-00-00', 0, NULL, NULL),
(232, '', 'Stryker', 'x8000', '07G00858', 0, '0000-00-00', 5, '', '', '', '0000-00-00', 0, NULL, NULL),
(233, '', 'Fresenius Vial', 'Base Primea', '2028686649', 0, '0000-00-00', 8, '', '', '', '0000-00-00', 0, NULL, NULL),
(234, '', 'Fresenius Vial', 'Orchestra', '21570203', 0, '0000-00-00', 8, 'Correlativo 234', '', '', '0000-00-00', 0, NULL, NULL),
(235, '', 'Fresenius Vial', 'Orchestra', '21574202', 0, '0000-00-00', 8, 'Correlativo 234', '', '', '0000-00-00', 0, NULL, NULL),
(236, '', 'N/A', 'N/A', 'N/A', 0, '0000-00-00', 7, 'Correlativo 234', '', '', '0000-00-00', 0, NULL, NULL),
(237, '', 'Opsys', 'Diplomate', '20015049', 0, '0000-00-00', 7, '', '', '', '0000-00-00', 0, NULL, NULL),
(238, '', 'Bbraun', 'DIG', '8967', 0, '0000-00-00', 10, '', '', '', '0000-00-00', 0, NULL, NULL),
(239, '', 'Walach', 'WA3000', '9005025', 0, '0000-00-00', 7, '', '', '', '0000-00-00', 0, NULL, NULL),
(240, '', 'Multigas', '9500', '992002', 0, '0000-00-00', 8, '', '', '', '0000-00-00', 0, NULL, NULL),
(241, 'AN4', 'Datex Ohmeda', 'Aestiva 5MRI', 'AMTL00141', 0, '0000-00-00', 9, '', '', '', '0000-00-00', 0, NULL, NULL),
(242, '', 'Cosman', 'G4', 'G4-494', 0, '0000-00-00', 7, '', '', '', '0000-00-00', 0, NULL, NULL),
(243, '', 'Stryker', 'N/A', '060301AD068', 0, '0000-00-00', 5, '', '', '', '0000-00-00', 0, NULL, NULL),
(244, '', 'Stryker', 'Vision Elect HD', 'VEH262J0263', 0, '0000-00-00', 8, 'Correlativo 244', '', '', '0000-00-00', 0, NULL, NULL),
(245, '', 'Conmed', 'd3000', 'BBD58223', 0, '0000-00-00', 10, 'Correlativo 244', '', '', '0000-00-00', 0, NULL, NULL),
(246, '', 'Storz', '26432020', 'IE05087-B', 0, '0000-00-00', 5, 'Correlativo 244', '', '', '0000-00-00', 0, NULL, NULL),
(247, '', 'Stryker', '1288HD', '12L031104', 0, '0000-00-00', 5, 'Correlativo 244', '', '', '0000-00-00', 0, NULL, NULL),
(248, '', 'Stryker', 'X8000', '10G036564', 0, '0000-00-00', 5, 'Correlativo 244', '', '', '0000-00-00', 0, NULL, NULL),
(249, '', 'N/A', 'N/A', 'N/A', 0, '0000-00-00', 5, '', '', '', '0000-00-00', 0, NULL, NULL),
(250, '', 'Stryker', 'Vision Elect HD', 'VEH262j0272', 0, '0000-00-00', 8, 'Correlativo 250', '', '', '0000-00-00', 0, NULL, NULL),
(251, '', 'Conmed', 'D3000', 'bbc96875', 0, '0000-00-00', 10, 'Correlativo 250', '', '', '0000-00-00', 0, NULL, NULL),
(252, '', 'Stryker', '40L Highflow', '0504CE187', 0, '0000-00-00', 5, 'Correlativo 250', '', '', '0000-00-00', 0, NULL, NULL),
(253, '', 'Stryker', '1288HD', '12L020044', 0, '0000-00-00', 5, 'Correlativo 250', '', '', '0000-00-00', 0, NULL, NULL),
(254, '', 'Stryker', 'X8000', '07E022224', 0, '0000-00-00', 5, 'Correlativo 250', '', '', '0000-00-00', 0, NULL, NULL),
(255, '', 'N/A', 'N/A', 'N/A', 0, '0000-00-00', 7, '', '', '', '0000-00-00', 0, NULL, NULL),
(256, '', 'Steris', 'MON-STE19-OT', 'ESTE-KD2-S00006', 0, '0000-00-00', 8, 'Correlativo 256', '', '', '0000-00-00', 0, NULL, NULL),
(257, '', 'Olympus', 'OTV-SC', '7122773', 0, '0000-00-00', 7, 'Correlativo 256', '', '', '0000-00-00', 0, NULL, NULL),
(258, '', 'Olympus', 'CLH-SC', '7132304', 0, '0000-00-00', 7, 'Correlativo 256', '', '', '0000-00-00', 0, NULL, NULL),
(259, '', 'LG', '', '7183', 0, '0000-00-00', 7, 'Correlativo 256', '', '', '0000-00-00', 0, NULL, NULL),
(260, '', 'HP', 'OfficeJet 4000', 'CN12F131V0', 0, '0000-00-00', 7, 'Correlativo 256', '', '', '0000-00-00', 0, NULL, NULL),
(261, '', 'Vnus', 'RFG2', '201117508P', 0, '0000-00-00', 5, '', '', '', '0000-00-00', 0, NULL, NULL),
(262, '', 'Vnus', 'TPMP01', '7406U1104R', 0, '0000-00-00', 8, 'Correlativo 262', '', '', '0000-00-00', 0, NULL, NULL),
(263, '', 'Narco Scientific', 'Luminator', '228', 0, '0000-00-00', 5, '', '', '', '0000-00-00', 0, NULL, NULL),
(264, '', 'N/A', 'N/A', 'N/A', 0, '0000-00-00', 5, '', '', '', '0000-00-00', 0, NULL, NULL),
(265, '', '', 'FS-L2401D', 'D24010520040', 0, '0000-00-00', 8, 'Correlativo 265', '', '', '0000-00-00', 0, NULL, NULL),
(266, '', 'Storz', '26432020', 'NY11858B', 0, '0000-00-00', 5, 'Correlativo 265', '', '', '0000-00-00', 0, NULL, NULL),
(267, '', 'Storz', '20134020', 'NI0668512', 0, '0000-00-00', 5, 'Correlativo 265', '', '', '0000-00-00', 0, NULL, NULL),
(268, '', 'Storz', '22202020', 'ZZ680513P', 0, '0000-00-00', 5, 'Correlativo 265', '', '', '0000-00-00', 0, NULL, NULL),
(269, '', 'Olympus', 'OTV-SI', '7656986', 0, '0000-00-00', 7, '', '', '', '0000-00-00', 0, NULL, NULL),
(270, '', 'Fujinon', '', '1G376K048', 0, '0000-00-00', 7, '', '', '', '0000-00-00', 0, NULL, NULL),
(271, '', '', 'Colpo 99', '', 0, '0000-00-00', 7, '', '', '', '0000-00-00', 0, NULL, NULL),
(272, 'EC5', 'Mindray', 'M7', 'NW62005621', 0, '2016-05-02', 8, '', '', '', '0000-00-00', 0, NULL, NULL),
(273, '', 'Hospira', 'Pluma A+', '18307755', 2014, '0000-00-00', 8, '', '', '', '0000-00-00', 0, NULL, NULL),
(274, '', 'Hospira', 'Pluma A+', '18302806', 2014, '0000-00-00', 8, '', '', '', '0000-00-00', 0, NULL, NULL),
(275, '', 'Hospira', 'Pluma A+', '18337823', 2014, '0000-00-00', 8, '', '', '', '0000-00-00', 0, NULL, NULL),
(276, '', 'JosonCare', 'JE200', '1203039931', 0, '0000-00-00', 10, '', '', '', '0000-00-00', 0, NULL, NULL),
(277, '', 'Hill Rom', '881', '88128C44-M', 0, '0000-00-00', 10, '', '', '', '0000-00-00', 0, NULL, NULL),
(278, '', 'Synthes', 'N/A', 'N/A', 0, '0000-00-00', 7, '', '', '', '0000-00-00', 0, NULL, NULL),
(279, '', 'Synthes', 'N/A', 'N/A', 0, '0000-00-00', 7, '', '', '', '0000-00-00', 0, NULL, NULL),
(280, '', 'Aesculap', 'N/A', 'N/A', 0, '0000-00-00', 7, '', '', '', '0000-00-00', 0, NULL, NULL),
(281, '', 'Aesculap', 'N/A', 'N/A', 0, '0000-00-00', 7, '', '', '', '0000-00-00', 0, NULL, NULL),
(282, '', 'N/A', 'N/A', 'N', 0, '0000-00-00', 10, '', '', '', '0000-00-00', 0, NULL, NULL),
(283, '', 'Mediana', 'F10', 'BCNA80012', 0, '0000-00-00', 10, '', '', '', '0000-00-00', 0, NULL, NULL),
(284, '', 'Mediana', 'F10', 'N/A', 0, '0000-00-00', 10, '', '', '', '0000-00-00', 0, NULL, NULL),
(285, '', 'ADE', 'M112600', '162540001500', 0, '0000-00-00', 8, '', '', '', '0000-00-00', 0, NULL, NULL),
(286, '', 'GE', 'Corometrics 171', 'SAS06528362PA', 0, '0000-00-00', 8, '', '', '', '0000-00-00', 0, NULL, NULL),
(287, '', 'GE', 'Loqic Book', '20705WXO', 0, '0000-00-00', 8, '', '', '', '0000-00-00', 0, NULL, NULL),
(288, '', 'Renus', 'RS-7130E', '20130607-0352', 0, '0000-00-00', 7, '', '', '', '0000-00-00', 0, NULL, NULL),
(289, '', 'Mediana', 'YM1000', '154816010002', 0, '0000-00-00', 8, '', '', '', '0000-00-00', 0, NULL, NULL),
(290, 'MMP21', 'Mediana', 'M20', '109715090028', 0, '2016-01-28', 8, '', '', '', '0000-00-00', 0, NULL, NULL),
(291, '', 'Mediana', 'YM1000', '154816010003', 0, '0000-00-00', 8, '', '', '', '0000-00-00', 0, NULL, NULL),
(292, '', 'Mediana', 'YM1000', '38311090004', 0, '0000-00-00', 8, '', '', '', '0000-00-00', 0, NULL, NULL),
(293, '', 'Mediana', 'YM1000', '101213110007', 0, '0000-00-00', 8, '', '', '', '0000-00-00', 0, NULL, NULL),
(294, '', 'GE', 'Seer Light', 'P8207A064', 0, '0000-00-00', 7, '', '', '', '0000-00-00', 0, NULL, NULL),
(295, '', 'Wescor', 'Swet Check 3120', '3120091451', 0, '0000-00-00', 7, '', '', '', '0000-00-00', 0, NULL, NULL),
(296, '', 'Wescor', '3700', '3700104471', 0, '0000-00-00', 7, 'Correlativo 299', '', '', '0000-00-00', 0, NULL, NULL),
(297, '', 'Mortara', 'ELI250C', '114450235497', 0, '0000-00-00', 10, '', '', '', '0000-00-00', 0, NULL, NULL),
(298, '', 'Mortara', 'ELI250C', 'N/A', 0, '0000-00-00', 10, '', '', '', '0000-00-00', 0, NULL, NULL),
(299, '', 'Hill Rom', '881', '881-28C48-M', 0, '0000-00-00', 10, '', '', '', '0000-00-00', 0, NULL, NULL),
(300, '', 'Par', 'Tonoport V', '101207541', 0, '0000-00-00', 7, '', '', '', '0000-00-00', 0, NULL, NULL),
(301, '', 'Seca', 'N/A', '5700148124781', 0, '0000-00-00', 8, '', '', '', '0000-00-00', 0, NULL, NULL),
(302, '', 'GE', 'Case', 'SCF08253249SA', 0, '0000-00-00', 7, '', '', '', '0000-00-00', 0, NULL, NULL),
(303, '', 'GE', 'T2100', 'N/A', 0, '0000-00-00', 7, 'Correlativo 306', '', '', '0000-00-00', 0, NULL, NULL),
(304, '', 'N/A', 'N/A', 'N/A', 0, '0000-00-00', 7, '', '', '', '0000-00-00', 0, NULL, NULL),
(305, '', 'IMA', '5003', '112845001', 0, '0000-00-00', 10, 'Correlativo 308', '', '', '0000-00-00', 0, NULL, NULL),
(306, '', 'Compaq', 'Presario CQ40', 'CND94531Y6', 0, '0000-00-00', 7, 'Correlativo 308', '', '', '0000-00-00', 0, NULL, NULL),
(307, '', 'Detecto', 'Doctor\'s scale', 'N/A', 0, '0000-00-00', 8, '', '', '', '0000-00-00', 0, NULL, NULL),
(308, 'DEF6', 'Nihon Khoden', 'CardioLife', '21044', 0, '0000-00-00', 9, '', '', '', '0000-00-00', 0, NULL, NULL),
(309, '', 'Bridgeview', 'N/A', 'N/A', 0, '0000-00-00', 8, '', '', '', '0000-00-00', 0, NULL, NULL),
(310, '', 'Detecto', 'N/A', 'N/A', 0, '0000-00-00', 8, '', '', '', '0000-00-00', 0, NULL, NULL),
(311, '', 'imex', 'Freedrop', 'DRB0142', 0, '0000-00-00', 7, '', '', '', '0000-00-00', 0, NULL, NULL),
(312, '', 'Given', 'ManoScan A120', 'MSM-IL1708', 0, '0000-00-00', 7, '', '', '', '0000-00-00', 0, NULL, NULL),
(313, '', 'Given', 'PIIICAM recorder CR3', '2012-12-DR3-0804083', 0, '0000-00-00', 7, 'Correlativo 316', '', '', '0000-00-00', 0, NULL, NULL),
(314, '', 'Mobil O graph', 'Vers20', 'N/A', 0, '0000-00-00', 7, '', '', '', '0000-00-00', 0, NULL, NULL),
(315, '', 'Mediana', 'YM812I', 'MD053111000758', 0, '0000-00-00', 10, '', '', '', '0000-00-00', 0, NULL, NULL),
(316, '', 'Kibion Sweden', 'Heliprobe', '22232547', 0, '2016-07-21', 7, '', '', '', '0000-00-00', 0, NULL, NULL),
(317, '', 'Quitron USA', 'BreathTracker DP', '20311', 0, '2016-07-21', 7, '', '', '', '0000-00-00', 0, NULL, NULL),
(318, '', 'Kendall', 'SCD Express', '907130', 2009, '0000-00-00', 7, '', '', '', '0000-00-00', 0, NULL, NULL),
(319, '', 'Edward Life Science', 'Vigileo', 'N/A', 2005, '0000-00-00', 8, '', '', '', '0000-00-00', 0, NULL, NULL),
(320, '', 'Advantech', 'Lidco Rapid', '8181121687', 2012, '0000-00-00', 8, '', '', '', '0000-00-00', 0, NULL, NULL),
(321, '', 'Kendall', 'SCD Express', '1103989', 2009, '0000-00-00', 7, '', '', '', '0000-00-00', 0, NULL, NULL),
(322, '', 'Kendall', 'SCD Express', '907066', 2009, '0000-00-00', 7, '', '', '', '0000-00-00', 0, NULL, NULL),
(323, '', 'Fresenius Kabi', 'Applix Smart', '21938735', 0, '0000-00-00', 8, '', '', '', '0000-00-00', 0, NULL, NULL),
(324, '', 'Fresenius Kabi', 'Applix Smart', '21938737', 0, '0000-00-00', 8, '', '', '', '0000-00-00', 0, NULL, NULL),
(325, '', 'Fresenius Kabi', 'Applix Smart', '21938736', 0, '0000-00-00', 8, '', '', '', '0000-00-00', 0, NULL, NULL),
(326, '', 'Fresenius Kabi', 'Applix Smart', '21968829', 0, '0000-00-00', 8, '', '', '', '0000-00-00', 0, NULL, NULL),
(327, '', 'Fresenius Kabi', 'Applix Smart', '21968828', 0, '0000-00-00', 8, '', '', '', '0000-00-00', 0, NULL, NULL),
(328, '', 'Fresenius Kabi', 'Applix Smart', '21968887', 0, '0000-00-00', 8, '', '', '', '0000-00-00', 0, NULL, NULL),
(329, '', 'Hospira', 'Pluma A+', '18307426', 2014, '0000-00-00', 8, '', '', '', '0000-00-00', 0, NULL, NULL),
(330, '', 'Hospira', 'Pluma A+', '18307446', 2014, '0000-00-00', 8, '', '', '', '0000-00-00', 0, NULL, NULL),
(331, '', 'Hospira', 'Pluma A+', '18307501', 2014, '0000-00-00', 8, '', '', '', '0000-00-00', 0, NULL, NULL),
(332, '', 'Hospira', 'Sapphire', '30014-2908', 2013, '0000-00-00', 8, '', '', '', '0000-00-00', 0, NULL, NULL),
(333, '', 'Hospira', 'Sapphire', '30014-2852', 2013, '0000-00-00', 8, '', '', '', '0000-00-00', 0, NULL, NULL),
(334, '', 'JosonCare', 'ES-96HD-W', '1311051103', 0, '0000-00-00', 10, '', '', '', '0000-00-00', 0, NULL, NULL),
(335, '', 'JosonCare', 'ES-96HD-W', '1311051132', 0, '0000-00-00', 10, '', '', '', '0000-00-00', 0, NULL, NULL),
(336, '', 'Hospira', 'Pluma A+', '18307721', 2014, '0000-00-00', 8, '', '', '', '0000-00-00', 0, NULL, NULL),
(337, '', 'Hospira', 'Pluma A+', '18307677', 2014, '0000-00-00', 8, '', '', '', '0000-00-00', 0, NULL, NULL),
(338, '', 'Hospira', 'Sapphire', '30014-2970', 2013, '0000-00-00', 8, '', '', '', '0000-00-00', 0, NULL, NULL),
(339, '', 'Hospira', 'Sapphire', '30014-3233', 2013, '0000-00-00', 8, '', '', '', '0000-00-00', 0, NULL, NULL),
(340, '', 'Hospira', 'Sapphire', '30014-3226', 2013, '0000-00-00', 8, '', '', '', '0000-00-00', 0, NULL, NULL),
(341, '', 'JosonCare', 'ES-96HD-W', '1311051131', 0, '0000-00-00', 10, '', '', '', '0000-00-00', 0, NULL, NULL),
(342, '', 'Hospira', 'Pluma A+', '18307434', 2014, '0000-00-00', 8, '', '', '', '0000-00-00', 0, NULL, NULL),
(343, '', 'Hospira', 'Sapphire', '30014-2992', 2013, '0000-00-00', 8, '', '', '', '0000-00-00', 0, NULL, NULL),
(344, '', 'Hospira', 'Sapphire', '30014-3133', 2013, '0000-00-00', 8, '', '', '', '0000-00-00', 0, NULL, NULL),
(345, '', 'Hospira', 'Sapphire', '30014-2690', 2013, '0000-00-00', 8, '', '', '', '0000-00-00', 0, NULL, NULL),
(346, '', 'Hospira', 'Pluma A+', '18307714', 2014, '0000-00-00', 8, '', '', '', '0000-00-00', 0, NULL, NULL),
(347, '', 'Hospira', 'Pluma A+', '18307684', 2014, '0000-00-00', 8, '', '', '', '0000-00-00', 0, NULL, NULL),
(348, '', 'Hospira', 'Sapphire', '30014-3165', 2013, '0000-00-00', 8, '', '', '', '0000-00-00', 0, NULL, NULL),
(349, '', 'Hospira', 'Sapphire', '30014-2984', 2013, '0000-00-00', 8, '', '', '', '0000-00-00', 0, NULL, NULL),
(350, '', 'Hospira', 'Sapphire', '30014-2917', 2013, '0000-00-00', 8, '', '', '', '0000-00-00', 0, NULL, NULL),
(351, '', 'JosonCare', 'ES-96HD-W', '1311051128', 0, '0000-00-00', 10, '', '', '', '0000-00-00', 0, NULL, NULL),
(352, '', 'Mediana', 'YM812I', 'MD053120600894', 0, '0000-00-00', 10, '', '', '', '0000-00-00', 0, NULL, NULL),
(353, '', 'JosonCare', 'ES-96HD-W', '1311051130', 0, '0000-00-00', 10, '', '', '', '0000-00-00', 0, NULL, NULL),
(354, '', 'JosonCare', 'ES-96HD-W', '1311051129', 0, '0000-00-00', 10, '', '', '', '0000-00-00', 0, NULL, NULL),
(355, '', 'Hospira', 'Pluma A+', '18307630', 2014, '0000-00-00', 8, '', '', '', '0000-00-00', 0, NULL, NULL),
(356, '', 'Hospira', 'Pluma A+', '18307675', 2014, '0000-00-00', 8, '', '', '', '0000-00-00', 0, NULL, NULL),
(357, '', 'Hospira', 'Pluma A+', '18307689', 2014, '0000-00-00', 8, '', '', '', '0000-00-00', 0, NULL, NULL),
(358, '', 'Hospira', 'Sapphire', '30012-7832', 0, '0000-00-00', 8, '', '', '', '0000-00-00', 0, NULL, NULL),
(359, '', 'Hospira', 'Sapphire', '30012-1857', 0, '0000-00-00', 8, '', '', '', '0000-00-00', 0, NULL, NULL),
(360, '', 'Hospira', 'Sapphire', '30014-2740', 0, '0000-00-00', 8, '', '', '', '0000-00-00', 0, NULL, NULL),
(361, '', 'Hospira', 'Pluma A+', '18307683', 2014, '0000-00-00', 8, '', '', '', '0000-00-00', 0, NULL, NULL),
(362, '', 'Hospira', 'Pluma A+', '18307724', 2014, '0000-00-00', 8, '', '', '', '0000-00-00', 0, NULL, NULL),
(363, '', 'Hospira', 'Sapphire', '30014-2773', 0, '0000-00-00', 8, '', '', '', '0000-00-00', 0, NULL, NULL),
(364, '', 'Hospira', 'Sapphire', '30014-2990', 0, '0000-00-00', 8, '', '', '', '0000-00-00', 0, NULL, NULL),
(365, '', 'Hospira', 'Sapphire', '30014-2980', 0, '0000-00-00', 8, '', '', '', '0000-00-00', 0, NULL, NULL),
(366, '', 'Kendall', 'SCD Express', '907120', 2009, '0000-00-00', 7, '', '', '', '0000-00-00', 0, NULL, NULL),
(367, '', 'Kendall', 'SCD Express', '1103934', 2009, '0000-00-00', 7, '', '', '', '0000-00-00', 0, NULL, NULL),
(368, '', 'Hospira', 'Sapphire', '30014-2982', 0, '0000-00-00', 8, '', '', '', '0000-00-00', 0, NULL, NULL),
(369, '', 'WelchAllyn', 'Serie 420', 'N/A', 0, '0000-00-00', 8, '', '', '', '0000-00-00', 0, NULL, NULL),
(370, '', 'WelchAllyn', 'Serie 420', 'N/A', 0, '0000-00-00', 8, '', '', '', '0000-00-00', 0, NULL, NULL),
(371, '', 'WelchAllyn', 'Serie 420', 'N/A', 0, '0000-00-00', 8, '', '', '', '0000-00-00', 0, NULL, NULL),
(372, '', 'JosonCare', 'J200', '1406056102', 0, '0000-00-00', 10, '', '', '', '0000-00-00', 0, NULL, NULL),
(373, '', 'JosonCare', 'J200', '1406056082', 0, '0000-00-00', 10, '', '', '', '0000-00-00', 0, NULL, NULL),
(374, '', 'JosonCare', 'J200', '1406056083', 0, '0000-00-00', 10, '', '', '', '0000-00-00', 0, NULL, NULL),
(375, '', 'JosonCare', 'J200', '1406056103', 0, '0000-00-00', 10, '', '', '', '0000-00-00', 0, NULL, NULL),
(376, '', 'JosonCare', 'J200', '1406056081', 0, '0000-00-00', 10, '', '', '', '0000-00-00', 0, NULL, NULL),
(377, '', 'Citizen', 'CH-456', '2015442', 0, '0000-00-00', 8, '', '', '', '0000-00-00', 0, NULL, NULL),
(378, '', 'Mediana', 'YM1000', '101213110013', 0, '0000-00-00', 8, '', '', '', '0000-00-00', 0, NULL, NULL),
(379, '', 'Olympus', 'N/A', 'N/A', 0, '0000-00-00', 7, '', '', '', '0000-00-00', 0, NULL, NULL),
(380, '', 'Olympus', 'Excera II CV180', '7783112', 0, '0000-00-00', 7, 'Correlativo 382', '', '', '0000-00-00', 0, NULL, NULL),
(381, '', 'Olympus', 'Excera II CLV180', '7805980', 0, '0000-00-00', 7, 'Correlativo 382', '', '', '0000-00-00', 0, NULL, NULL),
(382, '', 'Olympus', 'PSD20', '7405224', 0, '0000-00-00', 7, 'Correlativo 382', '', '', '0000-00-00', 0, NULL, NULL),
(383, '', 'NDS', 'N/A', 'N/A', 0, '0000-00-00', 8, 'Correlativo 382', '', '', '0000-00-00', 0, NULL, NULL),
(384, '', 'Olympus', 'H180', '2806461', 0, '0000-00-00', 7, 'Correlativo 382', '', '', '0000-00-00', 0, NULL, NULL),
(385, '', 'Olympus', 'H180', '2703918', 0, '0000-00-00', 7, 'Correlativo 382', '', '', '0000-00-00', 0, NULL, NULL),
(386, '', 'Olympus', 'Q150L', '2001307', 0, '0000-00-00', 7, 'Correlativo 382', '', '', '0000-00-00', 0, NULL, NULL),
(387, '', 'Olympus', 'Q150L', '2104265', 0, '0000-00-00', 7, 'Correlativo 382', '', '', '0000-00-00', 0, NULL, NULL),
(388, '', 'Choyang', 'CYW501', '11CG122', 0, '0000-00-00', 7, '', '', '', '0000-00-00', 0, NULL, NULL),
(389, '', 'Equilab', 'LWD3012', '7050335', 0, '0000-00-00', 7, '', '', '', '0000-00-00', 0, NULL, NULL),
(390, '', 'Olympus', 'CLK4', 'N/A', 0, '0000-00-00', 7, '', '', '', '0000-00-00', 0, NULL, NULL),
(391, '', 'Fujinon', 'N/A', 'N/A', 0, '0000-00-00', 7, '', '', '', '0000-00-00', 0, NULL, NULL),
(392, '', 'Fujinon', 'XL4450', '1S095G054', 0, '0000-00-00', 7, 'Correlativo 395', '', '', '0000-00-00', 0, NULL, NULL),
(393, '', 'Fujinon', 'VP4450', '1V568A576', 0, '0000-00-00', 7, 'Correlativo 395', '', '', '0000-00-00', 0, NULL, NULL),
(394, '', 'ALSA', 'Excel NHP', 'A26N-03/13', 0, '0000-00-00', 7, 'Correlativo 395', '', '', '0000-00-00', 0, NULL, NULL),
(395, '', 'DigiSystem', 'DSR-2100D', '', 0, '2016-08-01', 10, '', '', '', '0000-00-00', 0, NULL, NULL),
(396, '', 'DigiSystem', 'DBC-9D', '', 0, '2016-08-01', 10, '', '', '', '0000-00-00', 0, NULL, NULL),
(397, 'AC2-M', 'Melag', 'Cliniklav 25', '1209063', 2016, '2016-08-08', 10, '', '', '', '0000-00-00', 0, NULL, NULL),
(398, '', 'Hospira', 'Pluma A+', '18307798', 2014, '0000-00-00', 8, '', '', '', '0000-00-00', 0, NULL, NULL),
(399, '', 'Hospira', 'Pluma A+', '18307671', 2014, '0000-00-00', 8, '', '', '', '0000-00-00', 0, NULL, NULL),
(400, '', 'Hospira', 'Pluma A+', '18307719', 2014, '0000-00-00', 8, '', '', '', '0000-00-00', 0, NULL, NULL),
(401, '', 'Hospira', 'Pluma A+', '18307529', 2014, '0000-00-00', 8, '', '', '', '0000-00-00', 0, NULL, NULL),
(402, '', 'Hospira', 'Pluma A+', '18307730', 2014, '0000-00-00', 8, '', '', '', '0000-00-00', 0, NULL, NULL),
(403, '', 'Hospira', 'Pluma A+', '18307614', 2014, '0000-00-00', 8, '', '', '', '0000-00-00', 0, NULL, NULL),
(404, '', 'Hospira', 'Pluma A+', '18307808', 2014, '0000-00-00', 8, '', '', '', '0000-00-00', 0, NULL, NULL),
(405, '', 'Hospira', 'Pluma A+', '18307701', 2014, '0000-00-00', 8, '', '', '', '0000-00-00', 0, NULL, NULL),
(406, '', 'Fresenius Vial', 'Base Primea', '20286649', 0, '0000-00-00', 8, '', '', '', '0000-00-00', 0, NULL, NULL),
(407, '', 'Fresenius Vial', 'Orchestra', '21574203', 0, '0000-00-00', 8, 'Correlativo 407', '', '', '0000-00-00', 0, NULL, NULL),
(408, '', 'Fresenius Vial', 'Orchestra', '21574202', 0, '0000-00-00', 8, 'Correlativo 407', '', '', '0000-00-00', 0, NULL, NULL),
(409, 'COBAS', 'Roche', 'Cobas e411', '1101-30', 0, '2016-11-07', 10, '', '', '', '0000-00-00', 0, NULL, NULL),
(410, 'REF10', 'IRT', 'RF257LS', '1005180183', 0, '2016-04-19', 10, '', '', '', '0000-00-00', 0, NULL, NULL),
(411, '', 'Kendall', 'SCD Express', '1102874', 2009, '0000-00-00', 7, '', '', '', '0000-00-00', 0, NULL, NULL),
(412, '', 'Kendall', 'SCD Express', '1103929', 2009, '0000-00-00', 7, '', '', '', '0000-00-00', 0, NULL, NULL),
(413, '', 'Kendall', 'SCD Express', '10726768', 2009, '0000-00-00', 7, '', '', '', '0000-00-00', 0, NULL, NULL),
(414, '', 'Kendall', 'SCD Express', '1104056', 2009, '0000-00-00', 7, '', '', '', '0000-00-00', 0, NULL, NULL);

-- --------------------------------------------------------

--
-- Estructura de tabla para la tabla `equiposnombres`
--



INSERT INTO `names` (`id`, `name`, `created_at`, `updated_at`) VALUES
(1, 'Ablandador de Agua', NULL, NULL),
(2, 'Agitador de Bolsa', NULL, NULL),
(3, 'Ambulancia', NULL, NULL),
(4, 'Analizador Cromatografico Digital', NULL, NULL),
(5, 'Autoclave de Plasma', NULL, NULL),
(6, 'Autoclave', NULL, NULL),
(7, 'Autoclave ETO', NULL, NULL),
(8, 'Autoclave Vapor', NULL, NULL),
(9, 'Balanza con tallimetro adulto', NULL, NULL),
(10, 'Balanza Pediatrica', NULL, NULL),
(11, 'Balanza Pediatrica con Tallimetro', NULL, NULL),
(12, 'Baño Incubador', NULL, NULL),
(13, 'Base Bombas', NULL, NULL),
(14, 'Bilirrubinometro', NULL, NULL),
(15, 'Bilirrubinometro Transcutaneo', NULL, NULL),
(16, 'Bomba Aspiración Quirurgica', NULL, NULL),
(17, 'Bomba Aspiración Recien Nacido', NULL, NULL),
(18, 'Bomba Infiltración', NULL, NULL),
(19, 'Bomba Infusión', NULL, NULL),
(20, 'Bomba Infusión Enteral', NULL, NULL),
(21, 'Bomba Infusión Jeringa', NULL, NULL),
(22, 'Bomba Infusion PCA', NULL, NULL),
(23, 'Caja Electrodo', NULL, NULL),
(24, 'Calentador de Sueros', NULL, NULL),
(25, 'Calentador Paciente', NULL, NULL),
(26, 'Camilla de Transporte', NULL, NULL),
(27, 'Cargador BT', NULL, NULL),
(28, 'Cargador de Baterias', NULL, NULL),
(29, 'Catre Parto Integral', NULL, NULL),
(30, 'Catre Quirurgico UCI', NULL, NULL),
(31, 'Centrifuga Hematocrito', NULL, NULL),
(32, 'Centrifuga para Geles', NULL, NULL),
(33, 'Centrifuga para Tubos', NULL, NULL),
(34, 'Cinta Test de Esfuerzo', NULL, NULL),
(35, 'Colonoscopio', NULL, NULL),
(36, 'Colposcopio', NULL, NULL),
(37, 'Computador', NULL, NULL),
(38, 'Computador Portatil', NULL, NULL),
(39, 'Congelador', NULL, NULL),
(40, 'Contador Hematologico', NULL, NULL),
(41, 'Criocoagulador', NULL, NULL),
(42, 'Cuna Procedimientos', NULL, NULL),
(43, 'Destilador', NULL, NULL),
(44, 'Doppler', NULL, NULL),
(45, 'Ecógrafo', NULL, NULL),
(46, 'Electrobisturi', NULL, NULL),
(47, 'Electrobisturi Armonicos', NULL, NULL),
(48, 'Electrocardiografo', NULL, NULL),
(49, 'Endoscopio', NULL, NULL),
(50, 'Equipo Analisis Orina', NULL, NULL),
(51, 'Equipo Gases y Electrolitos', NULL, NULL),
(52, 'Equipo Hemocultivo Automatizado', NULL, NULL),
(53, 'Equipo Hormonas e Inmunologia', NULL, NULL),
(54, 'Equipo Hormonas Inmunologia y Quimica', NULL, NULL),
(55, 'Equipo identificacion Bacteriana', NULL, NULL),
(56, 'Equipo Inmunología', NULL, NULL),
(57, 'Equipo Isquemia', NULL, NULL),
(58, 'Equipo Manometria', NULL, NULL),
(59, 'Equipo Química', NULL, NULL),
(60, 'Equipo Radiofrecuencia', NULL, NULL),
(61, 'Estimulador de Sudor', NULL, NULL),
(62, 'Estufa de Cultivo', NULL, NULL),
(63, 'Facoemulsificador', NULL, NULL),
(64, 'Fuente de Luz', NULL, NULL),
(65, 'Gabinete Bioseguridad', NULL, NULL),
(66, 'Gastroscopio', NULL, NULL),
(67, 'Generador Radiofrecuencia', NULL, NULL),
(68, 'Holter Arritmia Cardiaca', NULL, NULL),
(69, 'Holter MAPA', NULL, NULL),
(70, 'Humidificador', NULL, NULL),
(71, 'Impresora', NULL, NULL),
(72, 'Impresora Termica', NULL, NULL),
(73, 'Incubadora Biologica', NULL, NULL),
(74, 'Incubadora de Transporte', NULL, NULL),
(75, 'Incubadora Tarjetas', NULL, NULL),
(76, 'Insuflador', NULL, NULL),
(77, 'Lampara Infrarojo', NULL, NULL),
(78, 'Lampara Luminoterapia', NULL, NULL),
(79, 'Lampara Procedimientos', NULL, NULL),
(80, 'Lampara Quirurgica', NULL, NULL),
(81, 'Laser', NULL, NULL),
(82, 'lavadora ultrasonica', NULL, NULL),
(83, 'Litotriptor', NULL, NULL),
(84, 'Lupa con Aumento', NULL, NULL),
(85, 'Maquina Anestesia', NULL, NULL),
(86, 'Maquina Dialisis', NULL, NULL),
(87, 'Maquina Osmosis', NULL, NULL),
(88, 'Mechero', NULL, NULL),
(89, 'Mesa Obstetrica', NULL, NULL),
(90, 'Mesa Quirurgica', NULL, NULL),
(91, 'Microscopio Quirurgico', NULL, NULL),
(92, 'Monitor', NULL, NULL),
(93, 'Monitor Aereo', NULL, NULL),
(94, 'Monitor Cardiofetal', NULL, NULL),
(95, 'Monitor Desfibrilador', NULL, NULL),
(96, 'Monitor Hemodinamico', NULL, NULL),
(97, 'Monitor Multiparametros', NULL, NULL),
(98, 'Monitor PANI', NULL, NULL),
(99, 'Monitor Signos Vitales', NULL, NULL),
(100, 'Motor Neuro', NULL, NULL),
(101, 'Motor Trauma', NULL, NULL),
(102, 'Nasoscopio (Procesador camara)', NULL, NULL),
(103, 'Nervoestimulador', NULL, NULL),
(104, 'Osmosis Inversa', NULL, NULL),
(105, 'Oximetro Ambiental', NULL, NULL),
(106, 'Oximetro de Pulso', NULL, NULL),
(107, 'Piano Contador ', NULL, NULL),
(108, 'Prensa', NULL, NULL),
(109, 'Procesador Camara', NULL, NULL),
(110, 'Refrigerador', NULL, NULL),
(111, 'Refrigerador Min-Max', NULL, NULL),
(112, 'Regulador de Presión', NULL, NULL),
(113, 'Reprocesadora de Endoscopios', NULL, NULL),
(114, 'Resucitador Neonatal', NULL, NULL),
(115, 'Rotador Orbital', NULL, NULL),
(116, 'Secadora de Tubos', NULL, NULL),
(117, 'Sedimentimetro', NULL, NULL),
(118, 'Sellador de Tubulares', NULL, NULL),
(119, 'Selladora Papel Bilaminado', NULL, NULL),
(120, 'Sistema de Compresión', NULL, NULL),
(121, 'Termoselladora Plastico', NULL, NULL),
(122, 'Test Aire Espirado', NULL, NULL),
(123, 'Test de Esfuerzo', NULL, NULL),
(124, 'Test de Sudor', NULL, NULL),
(125, 'Tilt Test', NULL, NULL),
(126, 'Torre Citoscopía', NULL, NULL),
(127, 'Torre Endoscopía', NULL, NULL),
(128, 'Torre Laparoscopia', NULL, NULL),
(129, 'Vaporizador', NULL, NULL),
(130, 'Ventilador de Transporte', NULL, NULL),
(131, 'Ventilador Mecanico', NULL, NULL),
(132, 'Ventilador No invasivo', NULL, NULL),
(133, 'Videocapsula Equipo Manometria', NULL, NULL),
(134, 'Videopanendoscopio', NULL, NULL),
(135, 'Equipo Hormonas por electroquimioluminiscencia', NULL, NULL);







INSERT INTO `equipment_company` (`id`, `equipment_id`, `company_id`, `created_at`, `updated_at`) VALUES
(1, 1, 7, NULL, NULL),
(2, 2, 7, NULL, NULL),
(3, 3, 2, NULL, NULL),
(4, 4, 2, NULL, NULL),
(5, 5, 29, NULL, NULL),
(6, 6, 29, NULL, NULL),
(7, 7, 9, NULL, NULL),
(8, 8, 29, NULL, NULL),
(9, 9, 29, NULL, NULL),
(10, 10, 29, NULL, NULL),
(11, 11, 29, NULL, NULL),
(12, 12, 31, NULL, NULL),
(13, 13, 29, NULL, NULL),
(14, 14, 29, NULL, NULL),
(15, 15, 29, NULL, NULL),
(16, 16, 29, NULL, NULL),
(17, 17, 29, NULL, NULL),
(18, 18, 29, NULL, NULL),
(19, 19, 29, NULL, NULL),
(20, 20, 29, NULL, NULL),
(21, 21, 14, NULL, NULL),
(22, 22, 14, NULL, NULL),
(23, 23, 14, NULL, NULL),
(24, 24, 14, NULL, NULL),
(25, 25, 14, NULL, NULL),
(26, 26, 14, NULL, NULL),
(27, 27, 14, NULL, NULL),
(28, 28, 16, NULL, NULL),
(29, 29, 19, NULL, NULL),
(30, 30, 24, NULL, NULL),
(31, 31, 24, NULL, NULL),
(32, 32, 24, NULL, NULL),
(33, 33, 24, NULL, NULL),
(34, 34, 16, NULL, NULL),
(35, 35, 16, NULL, NULL),
(36, 36, 6, NULL, NULL),
(37, 37, 25, NULL, NULL),
(38, 38, 25, NULL, NULL),
(39, 39, 29, NULL, NULL),
(40, 40, 29, NULL, NULL),
(41, 41, 29, NULL, NULL),
(42, 42, 27, NULL, NULL),
(43, 43, 29, NULL, NULL),
(44, 44, 29, NULL, NULL),
(45, 45, 31, NULL, NULL),
(46, 46, 31, NULL, NULL),
(47, 47, 7, NULL, NULL),
(48, 48, 29, NULL, NULL),
(49, 49, 29, NULL, NULL),
(50, 50, 29, NULL, NULL),
(51, 51, 29, NULL, NULL),
(52, 52, 29, NULL, NULL),
(53, 53, 29, NULL, NULL),
(54, 54, 29, NULL, NULL),
(55, 55, 30, NULL, NULL),
(56, 56, 23, NULL, NULL),
(57, 57, 23, NULL, NULL),
(58, 58, 15, NULL, NULL),
(59, 59, 13, NULL, NULL),
(60, 60, 14, NULL, NULL),
(61, 61, 14, NULL, NULL),
(62, 62, 14, NULL, NULL),
(63, 63, 14, NULL, NULL),
(64, 64, 14, NULL, NULL),
(65, 65, 14, NULL, NULL),
(66, 66, 14, NULL, NULL),
(67, 67, 14, NULL, NULL),
(68, 68, 14, NULL, NULL),
(69, 69, 14, NULL, NULL),
(70, 70, 14, NULL, NULL),
(71, 71, 14, NULL, NULL),
(72, 72, 14, NULL, NULL),
(73, 73, 14, NULL, NULL),
(74, 74, 14, NULL, NULL),
(75, 75, 14, NULL, NULL),
(76, 76, 14, NULL, NULL),
(77, 77, 14, NULL, NULL),
(78, 78, 14, NULL, NULL),
(79, 79, 14, NULL, NULL),
(80, 80, 14, NULL, NULL),
(81, 81, 14, NULL, NULL),
(82, 82, 14, NULL, NULL),
(83, 83, 14, NULL, NULL),
(84, 84, 14, NULL, NULL),
(85, 85, 14, NULL, NULL),
(86, 86, 14, NULL, NULL),
(87, 87, 14, NULL, NULL),
(88, 88, 14, NULL, NULL),
(89, 89, 14, NULL, NULL),
(90, 90, 14, NULL, NULL),
(91, 91, 14, NULL, NULL),
(92, 92, 14, NULL, NULL),
(93, 93, 14, NULL, NULL),
(94, 94, 14, NULL, NULL),
(95, 95, 14, NULL, NULL),
(96, 96, 14, NULL, NULL),
(97, 97, 14, NULL, NULL),
(98, 98, 14, NULL, NULL),
(99, 99, 14, NULL, NULL),
(100, 100, 14, NULL, NULL),
(101, 101, 14, NULL, NULL),
(102, 102, 14, NULL, NULL),
(103, 103, 14, NULL, NULL),
(104, 104, 14, NULL, NULL),
(105, 105, 14, NULL, NULL),
(106, 106, 14, NULL, NULL),
(107, 107, 14, NULL, NULL),
(108, 108, 14, NULL, NULL),
(109, 109, 14, NULL, NULL),
(110, 110, 14, NULL, NULL),
(111, 111, 9, NULL, NULL),
(112, 112, 9, NULL, NULL),
(113, 113, 9, NULL, NULL),
(114, 114, 9, NULL, NULL),
(115, 115, 9, NULL, NULL),
(116, 116, 9, NULL, NULL),
(117, 117, 9, NULL, NULL),
(118, 118, 7, NULL, NULL),
(119, 119, 18, NULL, NULL),
(120, 120, 18, NULL, NULL),
(121, 121, 7, NULL, NULL),
(122, 122, 7, NULL, NULL),
(123, 123, 7, NULL, NULL),
(124, 124, 7, NULL, NULL),
(125, 125, 9, NULL, NULL),
(126, 126, 9, NULL, NULL),
(127, 127, 9, NULL, NULL),
(128, 128, 9, NULL, NULL),
(129, 129, 9, NULL, NULL),
(130, 130, 9, NULL, NULL),
(131, 131, 9, NULL, NULL),
(132, 132, 9, NULL, NULL),
(133, 133, 9, NULL, NULL),
(134, 134, 9, NULL, NULL),
(135, 135, 9, NULL, NULL),
(136, 136, 9, NULL, NULL),
(137, 137, 9, NULL, NULL),
(138, 138, 9, NULL, NULL),
(139, 139, 32, NULL, NULL),
(140, 140, 17, NULL, NULL),
(141, 141, 26, NULL, NULL),
(142, 142, 12, NULL, NULL),
(143, 143, 12, NULL, NULL),
(144, 144, 1, NULL, NULL),
(145, 145, 1, NULL, NULL),
(146, 146, 26, NULL, NULL),
(147, 147, 29, NULL, NULL),
(148, 148, 29, NULL, NULL),
(149, 149, 29, NULL, NULL),
(150, 150, 29, NULL, NULL),
(151, 151, 29, NULL, NULL),
(152, 152, 29, NULL, NULL),
(153, 153, 29, NULL, NULL),
(154, 154, 20, NULL, NULL),
(155, 155, 29, NULL, NULL),
(156, 156, 2, NULL, NULL),
(157, 157, 2, NULL, NULL),
(158, 158, 9, NULL, NULL),
(159, 159, 29, NULL, NULL),
(160, 160, 29, NULL, NULL),
(161, 161, 29, NULL, NULL),
(162, 162, 29, NULL, NULL),
(163, 163, 29, NULL, NULL),
(164, 164, 29, NULL, NULL),
(165, 165, 29, NULL, NULL),
(166, 166, 18, NULL, NULL),
(167, 167, 29, NULL, NULL),
(168, 168, 21, NULL, NULL),
(169, 169, 29, NULL, NULL),
(170, 170, 29, NULL, NULL),
(171, 171, 29, NULL, NULL),
(172, 172, 14, NULL, NULL),
(173, 173, 14, NULL, NULL),
(174, 174, 29, NULL, NULL),
(175, 175, 29, NULL, NULL),
(176, 176, 29, NULL, NULL),
(177, 177, 18, NULL, NULL),
(178, 178, 21, NULL, NULL),
(179, 179, 9, NULL, NULL),
(180, 180, 29, NULL, NULL),
(181, 181, 29, NULL, NULL),
(182, 182, 29, NULL, NULL),
(183, 183, 29, NULL, NULL),
(184, 184, 14, NULL, NULL),
(185, 185, 14, NULL, NULL),
(186, 186, 29, NULL, NULL),
(187, 187, 29, NULL, NULL),
(188, 188, 29, NULL, NULL),
(189, 189, 29, NULL, NULL),
(190, 190, 29, NULL, NULL),
(191, 191, 29, NULL, NULL),
(192, 192, 29, NULL, NULL),
(193, 193, 21, NULL, NULL),
(194, 194, 9, NULL, NULL),
(195, 195, 29, NULL, NULL),
(196, 196, 14, NULL, NULL),
(197, 197, 29, NULL, NULL),
(198, 198, 14, NULL, NULL),
(199, 199, 14, NULL, NULL),
(200, 200, 29, NULL, NULL),
(201, 201, 29, NULL, NULL),
(202, 202, 29, NULL, NULL),
(203, 203, 29, NULL, NULL),
(204, 204, 29, NULL, NULL),
(205, 205, 29, NULL, NULL),
(206, 206, 29, NULL, NULL),
(207, 207, 29, NULL, NULL),
(208, 208, 29, NULL, NULL),
(209, 209, 29, NULL, NULL),
(210, 210, 29, NULL, NULL),
(211, 211, 29, NULL, NULL),
(212, 212, 14, NULL, NULL),
(213, 213, 9, NULL, NULL),
(214, 214, 14, NULL, NULL),
(215, 215, 14, NULL, NULL),
(216, 216, 29, NULL, NULL),
(217, 217, 29, NULL, NULL),
(218, 218, 29, NULL, NULL),
(219, 219, 29, NULL, NULL),
(220, 220, 18, NULL, NULL),
(221, 221, 29, NULL, NULL),
(222, 222, 29, NULL, NULL),
(223, 223, 29, NULL, NULL),
(224, 224, 29, NULL, NULL),
(225, 225, 29, NULL, NULL),
(226, 226, 29, NULL, NULL),
(227, 227, 29, NULL, NULL),
(228, 228, 29, NULL, NULL),
(229, 229, 29, NULL, NULL),
(230, 230, 21, NULL, NULL),
(231, 231, 29, NULL, NULL),
(232, 232, 29, NULL, NULL),
(233, 233, 29, NULL, NULL),
(234, 234, 29, NULL, NULL),
(235, 235, 29, NULL, NULL),
(236, 236, 29, NULL, NULL),
(237, 237, 29, NULL, NULL),
(238, 238, 29, NULL, NULL),
(239, 239, 29, NULL, NULL),
(240, 240, 2, NULL, NULL),
(241, 241, 29, NULL, NULL),
(242, 242, 29, NULL, NULL),
(243, 243, 29, NULL, NULL),
(244, 244, 29, NULL, NULL),
(245, 245, 29, NULL, NULL),
(246, 246, 29, NULL, NULL),
(247, 247, 29, NULL, NULL),
(248, 248, 29, NULL, NULL),
(249, 249, 29, NULL, NULL),
(250, 250, 29, NULL, NULL),
(251, 251, 29, NULL, NULL),
(252, 252, 29, NULL, NULL),
(253, 253, 29, NULL, NULL),
(254, 254, 29, NULL, NULL),
(255, 255, 29, NULL, NULL),
(256, 256, 29, NULL, NULL),
(257, 257, 29, NULL, NULL),
(258, 258, 29, NULL, NULL),
(259, 259, 29, NULL, NULL),
(260, 260, 29, NULL, NULL),
(261, 261, 29, NULL, NULL),
(262, 262, 29, NULL, NULL),
(263, 263, 29, NULL, NULL),
(264, 264, 29, NULL, NULL),
(265, 265, 29, NULL, NULL),
(266, 266, 29, NULL, NULL),
(267, 267, 29, NULL, NULL),
(268, 268, 29, NULL, NULL),
(269, 269, 29, NULL, NULL),
(270, 270, 29, NULL, NULL),
(271, 271, 8, NULL, NULL),
(272, 272, 14, NULL, NULL),
(273, 273, 14, NULL, NULL),
(274, 274, 14, NULL, NULL),
(275, 275, 29, NULL, NULL),
(276, 276, 29, NULL, NULL),
(277, 277, 29, NULL, NULL),
(278, 278, 29, NULL, NULL),
(279, 279, 29, NULL, NULL),
(280, 280, 29, NULL, NULL),
(281, 281, 29, NULL, NULL),
(282, 282, 29, NULL, NULL),
(283, 283, 29, NULL, NULL),
(284, 284, 29, NULL, NULL),
(285, 285, 29, NULL, NULL),
(286, 286, 29, NULL, NULL),
(287, 287, 29, NULL, NULL),
(288, 288, 2, NULL, NULL),
(289, 289, 7, NULL, NULL),
(290, 290, 2, NULL, NULL),
(291, 291, 2, NULL, NULL),
(292, 292, 2, NULL, NULL),
(293, 293, 29, NULL, NULL),
(294, 294, 29, NULL, NULL),
(295, 295, 29, NULL, NULL),
(296, 296, 2, NULL, NULL),
(297, 297, 2, NULL, NULL),
(298, 298, 29, NULL, NULL),
(299, 299, 29, NULL, NULL),
(300, 300, 29, NULL, NULL),
(301, 301, 2, NULL, NULL),
(302, 302, 2, NULL, NULL),
(303, 303, 29, NULL, NULL),
(304, 304, 29, NULL, NULL),
(305, 305, 29, NULL, NULL),
(306, 306, 29, NULL, NULL),
(307, 307, 7, NULL, NULL),
(308, 308, 29, NULL, NULL),
(309, 309, 29, NULL, NULL),
(310, 310, 29, NULL, NULL),
(311, 311, 29, NULL, NULL),
(312, 312, 29, NULL, NULL),
(313, 313, 2, NULL, NULL),
(314, 314, 2, NULL, NULL),
(315, 315, 29, NULL, NULL),
(316, 316, 29, NULL, NULL),
(317, 317, 29, NULL, NULL),
(318, 318, 29, NULL, NULL),
(319, 319, 29, NULL, NULL),
(320, 320, 29, NULL, NULL),
(321, 321, 29, NULL, NULL),
(322, 322, 29, NULL, NULL),
(323, 323, 29, NULL, NULL),
(324, 324, 29, NULL, NULL),
(325, 325, 29, NULL, NULL),
(326, 326, 29, NULL, NULL),
(327, 327, 29, NULL, NULL),
(328, 328, 14, NULL, NULL),
(329, 329, 14, NULL, NULL),
(330, 330, 14, NULL, NULL),
(331, 331, 14, NULL, NULL),
(332, 332, 14, NULL, NULL),
(333, 333, 29, NULL, NULL),
(334, 334, 29, NULL, NULL),
(335, 335, 14, NULL, NULL),
(336, 336, 14, NULL, NULL),
(337, 337, 29, NULL, NULL),
(338, 338, 29, NULL, NULL),
(339, 339, 29, NULL, NULL),
(340, 340, 29, NULL, NULL),
(341, 341, 14, NULL, NULL),
(342, 342, 29, NULL, NULL),
(343, 343, 29, NULL, NULL),
(344, 344, 29, NULL, NULL),
(345, 345, 14, NULL, NULL),
(346, 346, 14, NULL, NULL),
(347, 347, 29, NULL, NULL),
(348, 348, 29, NULL, NULL),
(349, 349, 29, NULL, NULL),
(350, 350, 29, NULL, NULL),
(351, 351, 2, NULL, NULL),
(352, 352, 29, NULL, NULL),
(353, 353, 29, NULL, NULL),
(354, 354, 14, NULL, NULL),
(355, 355, 14, NULL, NULL),
(356, 356, 14, NULL, NULL),
(357, 357, 29, NULL, NULL),
(358, 358, 29, NULL, NULL),
(359, 359, 29, NULL, NULL),
(360, 360, 14, NULL, NULL),
(361, 361, 14, NULL, NULL),
(362, 362, 29, NULL, NULL),
(363, 363, 29, NULL, NULL),
(364, 364, 29, NULL, NULL),
(365, 365, 29, NULL, NULL),
(366, 366, 29, NULL, NULL),
(367, 367, 29, NULL, NULL),
(368, 368, 2, NULL, NULL),
(369, 369, 2, NULL, NULL),
(370, 370, 2, NULL, NULL),
(371, 371, 29, NULL, NULL),
(372, 372, 29, NULL, NULL),
(373, 373, 29, NULL, NULL),
(374, 374, 29, NULL, NULL),
(375, 375, 29, NULL, NULL),
(376, 376, 29, NULL, NULL),
(377, 377, 2, NULL, NULL),
(378, 378, 10, NULL, NULL),
(379, 379, 10, NULL, NULL),
(380, 380, 10, NULL, NULL),
(381, 381, 29, NULL, NULL),
(382, 382, 29, NULL, NULL),
(383, 383, 10, NULL, NULL),
(384, 384, 10, NULL, NULL),
(385, 385, 10, NULL, NULL),
(386, 386, 10, NULL, NULL),
(387, 387, 29, NULL, NULL),
(388, 388, 29, NULL, NULL),
(389, 389, 10, NULL, NULL),
(390, 390, 28, NULL, NULL),
(391, 391, 28, NULL, NULL),
(392, 392, 28, NULL, NULL),
(393, 393, 29, NULL, NULL),
(394, 394, 11, NULL, NULL),
(395, 395, 11, NULL, NULL),
(396, 396, 12, NULL, NULL),
(397, 397, 14, NULL, NULL),
(398, 398, 14, NULL, NULL),
(399, 399, 14, NULL, NULL),
(400, 400, 14, NULL, NULL),
(401, 401, 14, NULL, NULL),
(402, 402, 14, NULL, NULL),
(403, 403, 14, NULL, NULL),
(404, 404, 14, NULL, NULL),
(405, 405, 29, NULL, NULL),
(406, 406, 29, NULL, NULL),
(407, 407, 29, NULL, NULL),
(408, 408, 22, NULL, NULL),
(409, 409, 7, NULL, NULL),
(410, 410, 29, NULL, NULL),
(411, 411, 29, NULL, NULL),
(412, 412, 29, NULL, NULL),
(413, 413, 29, NULL, NULL),
(414, 414, 29, NULL, NULL);



INSERT INTO `equipment_name` (`id`, `equipment_id`, `name_id`, `created_at`, `updated_at`) VALUES
(1, 1, 95, NULL, NULL),
(2, 2, 132, NULL, NULL),
(3, 3, 99, NULL, NULL),
(4, 4, 48, NULL, NULL),
(5, 5, 111, NULL, NULL),
(6, 6, 111, NULL, NULL),
(7, 7, 74, NULL, NULL),
(8, 8, 106, NULL, NULL),
(9, 9, 15, NULL, NULL),
(10, 10, 27, NULL, NULL),
(11, 11, 11, NULL, NULL),
(12, 12, 111, NULL, NULL),
(13, 13, 106, NULL, NULL),
(14, 14, 105, NULL, NULL),
(15, 15, 14, NULL, NULL),
(16, 16, 31, NULL, NULL),
(17, 17, 70, NULL, NULL),
(18, 18, 78, NULL, NULL),
(19, 19, 78, NULL, NULL),
(20, 20, 77, NULL, NULL),
(21, 21, 19, NULL, NULL),
(22, 22, 19, NULL, NULL),
(23, 23, 19, NULL, NULL),
(24, 24, 19, NULL, NULL),
(25, 25, 19, NULL, NULL),
(26, 26, 19, NULL, NULL),
(27, 27, 19, NULL, NULL),
(28, 28, 54, NULL, NULL),
(29, 29, 53, NULL, NULL),
(30, 30, 51, NULL, NULL),
(31, 31, 51, NULL, NULL),
(32, 32, 50, NULL, NULL),
(33, 33, 50, NULL, NULL),
(34, 34, 53, NULL, NULL),
(35, 35, 59, NULL, NULL),
(36, 36, 53, NULL, NULL),
(37, 37, 40, NULL, NULL),
(38, 38, 56, NULL, NULL),
(39, 39, 117, NULL, NULL),
(40, 40, 52, NULL, NULL),
(41, 41, 55, NULL, NULL),
(42, 42, 65, NULL, NULL),
(43, 43, 62, NULL, NULL),
(44, 44, 88, NULL, NULL),
(45, 45, 110, NULL, NULL),
(46, 46, 110, NULL, NULL),
(47, 47, 39, NULL, NULL),
(48, 48, 33, NULL, NULL),
(49, 49, 32, NULL, NULL),
(50, 50, 75, NULL, NULL),
(51, 51, 12, NULL, NULL),
(52, 52, 118, NULL, NULL),
(53, 53, 108, NULL, NULL),
(54, 54, 2, NULL, NULL),
(55, 55, 8, NULL, NULL),
(56, 56, 86, NULL, NULL),
(57, 57, 87, NULL, NULL),
(58, 58, 45, NULL, NULL),
(59, 59, 45, NULL, NULL),
(60, 60, 45, NULL, NULL),
(61, 61, 19, NULL, NULL),
(62, 62, 19, NULL, NULL),
(63, 63, 19, NULL, NULL),
(64, 64, 19, NULL, NULL),
(65, 65, 19, NULL, NULL),
(66, 66, 19, NULL, NULL),
(67, 67, 19, NULL, NULL),
(68, 68, 19, NULL, NULL),
(69, 69, 19, NULL, NULL),
(70, 70, 19, NULL, NULL),
(71, 71, 19, NULL, NULL),
(72, 72, 19, NULL, NULL),
(73, 73, 19, NULL, NULL),
(74, 74, 19, NULL, NULL),
(75, 75, 19, NULL, NULL),
(76, 76, 19, NULL, NULL),
(77, 77, 19, NULL, NULL),
(78, 78, 19, NULL, NULL),
(79, 79, 19, NULL, NULL),
(80, 80, 19, NULL, NULL),
(81, 81, 19, NULL, NULL),
(82, 82, 19, NULL, NULL),
(83, 83, 19, NULL, NULL),
(84, 84, 19, NULL, NULL),
(85, 85, 19, NULL, NULL),
(86, 86, 19, NULL, NULL),
(87, 87, 19, NULL, NULL),
(88, 88, 19, NULL, NULL),
(89, 89, 19, NULL, NULL),
(90, 90, 19, NULL, NULL),
(91, 91, 19, NULL, NULL),
(92, 92, 19, NULL, NULL),
(93, 93, 19, NULL, NULL),
(94, 94, 19, NULL, NULL),
(95, 95, 19, NULL, NULL),
(96, 96, 19, NULL, NULL),
(97, 97, 19, NULL, NULL),
(98, 98, 19, NULL, NULL),
(99, 99, 19, NULL, NULL),
(100, 100, 19, NULL, NULL),
(101, 101, 19, NULL, NULL),
(102, 102, 19, NULL, NULL),
(103, 103, 19, NULL, NULL),
(104, 104, 19, NULL, NULL),
(105, 105, 19, NULL, NULL),
(106, 106, 19, NULL, NULL),
(107, 107, 19, NULL, NULL),
(108, 108, 19, NULL, NULL),
(109, 109, 19, NULL, NULL),
(110, 110, 19, NULL, NULL),
(111, 111, 19, NULL, NULL),
(112, 112, 85, NULL, NULL),
(113, 113, 85, NULL, NULL),
(114, 114, 85, NULL, NULL),
(115, 115, 131, NULL, NULL),
(116, 116, 131, NULL, NULL),
(117, 117, 131, NULL, NULL),
(118, 118, 130, NULL, NULL),
(119, 119, 132, NULL, NULL),
(120, 120, 131, NULL, NULL),
(121, 121, 131, NULL, NULL),
(122, 122, 95, NULL, NULL),
(123, 123, 95, NULL, NULL),
(124, 124, 95, NULL, NULL),
(125, 125, 95, NULL, NULL),
(126, 126, 97, NULL, NULL),
(127, 127, 97, NULL, NULL),
(128, 128, 97, NULL, NULL),
(129, 129, 97, NULL, NULL),
(130, 130, 97, NULL, NULL),
(131, 131, 97, NULL, NULL),
(132, 132, 97, NULL, NULL),
(133, 133, 97, NULL, NULL),
(134, 134, 97, NULL, NULL),
(135, 135, 97, NULL, NULL),
(136, 136, 97, NULL, NULL),
(137, 137, 97, NULL, NULL),
(138, 138, 97, NULL, NULL),
(139, 139, 97, NULL, NULL),
(140, 140, 3, NULL, NULL),
(141, 141, 3, NULL, NULL),
(142, 142, 5, NULL, NULL),
(143, 143, 73, NULL, NULL),
(144, 144, 73, NULL, NULL),
(145, 145, 7, NULL, NULL),
(146, 146, 73, NULL, NULL),
(147, 147, 73, NULL, NULL),
(148, 148, 119, NULL, NULL),
(149, 149, 119, NULL, NULL),
(150, 150, 84, NULL, NULL),
(151, 151, 121, NULL, NULL),
(152, 152, 116, NULL, NULL),
(153, 153, 82, NULL, NULL),
(154, 154, 72, NULL, NULL),
(155, 155, 104, NULL, NULL),
(156, 156, 1, NULL, NULL),
(157, 157, 69, NULL, NULL),
(158, 158, 69, NULL, NULL),
(159, 159, 97, NULL, NULL),
(160, 160, 16, NULL, NULL),
(161, 161, 128, NULL, NULL),
(162, 162, 92, NULL, NULL),
(163, 163, 93, NULL, NULL),
(164, 164, 76, NULL, NULL),
(165, 165, 109, NULL, NULL),
(166, 166, 64, NULL, NULL),
(167, 167, 46, NULL, NULL),
(168, 168, 83, NULL, NULL),
(169, 169, 90, NULL, NULL),
(170, 170, 80, NULL, NULL),
(171, 171, 80, NULL, NULL),
(172, 172, 21, NULL, NULL),
(173, 173, 19, NULL, NULL),
(174, 174, 19, NULL, NULL),
(175, 175, 13, NULL, NULL),
(176, 176, 21, NULL, NULL),
(177, 177, 21, NULL, NULL),
(178, 178, 46, NULL, NULL),
(179, 179, 90, NULL, NULL),
(180, 180, 97, NULL, NULL),
(181, 181, 42, NULL, NULL),
(182, 182, 17, NULL, NULL),
(183, 183, 80, NULL, NULL),
(184, 184, 80, NULL, NULL),
(185, 185, 19, NULL, NULL),
(186, 186, 19, NULL, NULL),
(187, 187, 13, NULL, NULL),
(188, 188, 21, NULL, NULL),
(189, 189, 21, NULL, NULL),
(190, 190, 22, NULL, NULL),
(191, 191, 22, NULL, NULL),
(192, 192, 22, NULL, NULL),
(193, 193, 22, NULL, NULL),
(194, 194, 90, NULL, NULL),
(195, 195, 74, NULL, NULL),
(196, 196, 10, NULL, NULL),
(197, 197, 19, NULL, NULL),
(198, 198, 79, NULL, NULL),
(199, 199, 19, NULL, NULL),
(200, 200, 19, NULL, NULL),
(201, 201, 94, NULL, NULL),
(202, 202, 29, NULL, NULL),
(203, 203, 25, NULL, NULL),
(204, 204, 80, NULL, NULL),
(205, 205, 80, NULL, NULL),
(206, 206, 26, NULL, NULL),
(207, 207, 24, NULL, NULL),
(208, 208, 28, NULL, NULL),
(209, 209, 81, NULL, NULL),
(210, 210, 42, NULL, NULL),
(211, 211, 17, NULL, NULL),
(212, 212, 114, NULL, NULL),
(213, 213, 19, NULL, NULL),
(214, 214, 97, NULL, NULL),
(215, 215, 19, NULL, NULL),
(216, 216, 19, NULL, NULL),
(217, 217, 21, NULL, NULL),
(218, 218, 13, NULL, NULL),
(219, 219, 21, NULL, NULL),
(220, 220, 21, NULL, NULL),
(221, 221, 46, NULL, NULL),
(222, 222, 80, NULL, NULL),
(223, 223, 80, NULL, NULL),
(224, 224, 47, NULL, NULL),
(225, 225, 112, NULL, NULL),
(226, 226, 57, NULL, NULL),
(227, 227, 91, NULL, NULL),
(228, 228, 91, NULL, NULL),
(229, 229, 91, NULL, NULL),
(230, 230, 91, NULL, NULL),
(231, 231, 90, NULL, NULL),
(232, 232, 64, NULL, NULL),
(233, 233, 13, NULL, NULL),
(234, 234, 21, NULL, NULL),
(235, 235, 21, NULL, NULL),
(236, 236, 37, NULL, NULL),
(237, 237, 63, NULL, NULL),
(238, 238, 103, NULL, NULL),
(239, 239, 41, NULL, NULL),
(240, 240, 92, NULL, NULL),
(241, 241, 85, NULL, NULL),
(242, 242, 60, NULL, NULL),
(243, 243, 128, NULL, NULL),
(244, 244, 92, NULL, NULL),
(245, 245, 129, NULL, NULL),
(246, 246, 76, NULL, NULL),
(247, 247, 109, NULL, NULL),
(248, 248, 64, NULL, NULL),
(249, 249, 128, NULL, NULL),
(250, 250, 92, NULL, NULL),
(251, 251, 129, NULL, NULL),
(252, 252, 76, NULL, NULL),
(253, 253, 109, NULL, NULL),
(254, 254, 64, NULL, NULL),
(255, 255, 126, NULL, NULL),
(256, 256, 92, NULL, NULL),
(257, 257, 109, NULL, NULL),
(258, 258, 64, NULL, NULL),
(259, 259, 37, NULL, NULL),
(260, 260, 71, NULL, NULL),
(261, 261, 67, NULL, NULL),
(262, 262, 18, NULL, NULL),
(263, 263, 64, NULL, NULL),
(264, 264, 128, NULL, NULL),
(265, 265, 92, NULL, NULL),
(266, 266, 76, NULL, NULL),
(267, 267, 64, NULL, NULL),
(268, 268, 109, NULL, NULL),
(269, 269, 102, NULL, NULL),
(270, 270, 134, NULL, NULL),
(271, 271, 36, NULL, NULL),
(272, 272, 45, NULL, NULL),
(273, 273, 19, NULL, NULL),
(274, 274, 19, NULL, NULL),
(275, 275, 19, NULL, NULL),
(276, 276, 26, NULL, NULL),
(277, 277, 26, NULL, NULL),
(278, 278, 101, NULL, NULL),
(279, 279, 101, NULL, NULL),
(280, 280, 100, NULL, NULL),
(281, 281, 100, NULL, NULL),
(282, 282, 89, NULL, NULL),
(283, 283, 44, NULL, NULL),
(284, 284, 44, NULL, NULL),
(285, 285, 10, NULL, NULL),
(286, 286, 94, NULL, NULL),
(287, 287, 45, NULL, NULL),
(288, 288, 36, NULL, NULL),
(289, 289, 99, NULL, NULL),
(290, 290, 97, NULL, NULL),
(291, 291, 99, NULL, NULL),
(292, 292, 99, NULL, NULL),
(293, 293, 99, NULL, NULL),
(294, 294, 68, NULL, NULL),
(295, 295, 124, NULL, NULL),
(296, 296, 61, NULL, NULL),
(297, 297, 48, NULL, NULL),
(298, 298, 48, NULL, NULL),
(299, 299, 26, NULL, NULL),
(300, 300, 69, NULL, NULL),
(301, 301, 9, NULL, NULL),
(302, 302, 123, NULL, NULL),
(303, 303, 34, NULL, NULL),
(304, 304, 125, NULL, NULL),
(305, 305, 23, NULL, NULL),
(306, 306, 38, NULL, NULL),
(307, 307, 9, NULL, NULL),
(308, 308, 95, NULL, NULL),
(309, 309, 9, NULL, NULL),
(310, 310, 9, NULL, NULL),
(311, 311, 44, NULL, NULL),
(312, 312, 58, NULL, NULL),
(313, 313, 133, NULL, NULL),
(314, 314, 69, NULL, NULL),
(315, 315, 48, NULL, NULL),
(316, 316, 122, NULL, NULL),
(317, 317, 4, NULL, NULL),
(318, 318, 120, NULL, NULL),
(319, 319, 96, NULL, NULL),
(320, 320, 96, NULL, NULL),
(321, 321, 120, NULL, NULL),
(322, 322, 120, NULL, NULL),
(323, 323, 20, NULL, NULL),
(324, 324, 20, NULL, NULL),
(325, 325, 20, NULL, NULL),
(326, 326, 20, NULL, NULL),
(327, 327, 20, NULL, NULL),
(328, 328, 20, NULL, NULL),
(329, 329, 19, NULL, NULL),
(330, 330, 19, NULL, NULL),
(331, 331, 19, NULL, NULL),
(332, 332, 22, NULL, NULL),
(333, 333, 22, NULL, NULL),
(334, 334, 30, NULL, NULL),
(335, 335, 30, NULL, NULL),
(336, 336, 19, NULL, NULL),
(337, 337, 19, NULL, NULL),
(338, 338, 22, NULL, NULL),
(339, 339, 22, NULL, NULL),
(340, 340, 22, NULL, NULL),
(341, 341, 30, NULL, NULL),
(342, 342, 19, NULL, NULL),
(343, 343, 22, NULL, NULL),
(344, 344, 22, NULL, NULL),
(345, 345, 22, NULL, NULL),
(346, 346, 19, NULL, NULL),
(347, 347, 19, NULL, NULL),
(348, 348, 22, NULL, NULL),
(349, 349, 22, NULL, NULL),
(350, 350, 22, NULL, NULL),
(351, 351, 30, NULL, NULL),
(352, 352, 48, NULL, NULL),
(353, 353, 30, NULL, NULL),
(354, 354, 30, NULL, NULL),
(355, 355, 19, NULL, NULL),
(356, 356, 19, NULL, NULL),
(357, 357, 19, NULL, NULL),
(358, 358, 22, NULL, NULL),
(359, 359, 22, NULL, NULL),
(360, 360, 22, NULL, NULL),
(361, 361, 19, NULL, NULL),
(362, 362, 19, NULL, NULL),
(363, 363, 22, NULL, NULL),
(364, 364, 22, NULL, NULL),
(365, 365, 22, NULL, NULL),
(366, 366, 120, NULL, NULL),
(367, 367, 120, NULL, NULL),
(368, 368, 22, NULL, NULL),
(369, 369, 99, NULL, NULL),
(370, 370, 99, NULL, NULL),
(371, 371, 99, NULL, NULL),
(372, 372, 26, NULL, NULL),
(373, 373, 26, NULL, NULL),
(374, 374, 26, NULL, NULL),
(375, 375, 26, NULL, NULL),
(376, 376, 26, NULL, NULL),
(377, 377, 98, NULL, NULL),
(378, 378, 99, NULL, NULL),
(379, 379, 127, NULL, NULL),
(380, 380, 109, NULL, NULL),
(381, 381, 64, NULL, NULL),
(382, 382, 46, NULL, NULL),
(383, 383, 92, NULL, NULL),
(384, 384, 49, NULL, NULL),
(385, 385, 49, NULL, NULL),
(386, 386, 35, NULL, NULL),
(387, 387, 66, NULL, NULL),
(388, 388, 113, NULL, NULL),
(389, 389, 43, NULL, NULL),
(390, 390, 64, NULL, NULL),
(391, 391, 127, NULL, NULL),
(392, 392, 64, NULL, NULL),
(393, 393, 109, NULL, NULL),
(394, 394, 46, NULL, NULL),
(395, 395, 115, NULL, NULL),
(396, 396, 107, NULL, NULL),
(397, 397, 8, NULL, NULL),
(398, 398, 19, NULL, NULL),
(399, 399, 19, NULL, NULL),
(400, 400, 19, NULL, NULL),
(401, 401, 19, NULL, NULL),
(402, 402, 19, NULL, NULL),
(403, 403, 19, NULL, NULL),
(404, 404, 19, NULL, NULL),
(405, 405, 19, NULL, NULL),
(406, 406, 13, NULL, NULL),
(407, 407, 21, NULL, NULL),
(408, 408, 21, NULL, NULL),
(409, 409, 135, NULL, NULL),
(410, 410, 111, NULL, NULL),
(411, 411, 120, NULL, NULL),
(412, 412, 120, NULL, NULL),
(413, 413, 120, NULL, NULL),
(414, 414, 120, NULL, NULL);





INSERT INTO `equipment_periodicity` (`id`, `equipment_id`, `periodicity_id`, `created_at`, `updated_at`) VALUES
(1, 1, 2, NULL, NULL),
(2, 2, 4, NULL, NULL),
(3, 3, 4, NULL, NULL),
(4, 4, 4, NULL, NULL),
(5, 5, 4, NULL, NULL),
(6, 6, 4, NULL, NULL),
(7, 7, 4, NULL, NULL),
(8, 8, 4, NULL, NULL),
(9, 9, 4, NULL, NULL),
(10, 10, 4, NULL, NULL),
(11, 11, 4, NULL, NULL),
(12, 12, 5, NULL, NULL),
(13, 13, 4, NULL, NULL),
(14, 14, 4, NULL, NULL),
(15, 15, 4, NULL, NULL),
(16, 16, 4, NULL, NULL),
(17, 17, 4, NULL, NULL),
(18, 18, 4, NULL, NULL),
(19, 19, 4, NULL, NULL),
(20, 20, 4, NULL, NULL),
(21, 21, 4, NULL, NULL),
(22, 22, 4, NULL, NULL),
(23, 23, 4, NULL, NULL),
(24, 24, 4, NULL, NULL),
(25, 25, 4, NULL, NULL),
(26, 26, 4, NULL, NULL),
(27, 27, 4, NULL, NULL),
(28, 28, 4, NULL, NULL),
(29, 29, 3, NULL, NULL),
(30, 30, 4, NULL, NULL),
(31, 31, 4, NULL, NULL),
(32, 32, 4, NULL, NULL),
(33, 33, 4, NULL, NULL),
(34, 34, 4, NULL, NULL),
(35, 35, 4, NULL, NULL),
(36, 36, 4, NULL, NULL),
(37, 37, 3, NULL, NULL),
(38, 38, 3, NULL, NULL),
(39, 39, 4, NULL, NULL),
(40, 40, 4, NULL, NULL),
(41, 41, 4, NULL, NULL),
(42, 42, 4, NULL, NULL),
(43, 43, 4, NULL, NULL),
(44, 44, 4, NULL, NULL),
(45, 45, 4, NULL, NULL),
(46, 46, 4, NULL, NULL),
(47, 47, 4, NULL, NULL),
(48, 48, 4, NULL, NULL),
(49, 49, 4, NULL, NULL),
(50, 50, 4, NULL, NULL),
(51, 51, 4, NULL, NULL),
(52, 52, 4, NULL, NULL),
(53, 53, 4, NULL, NULL),
(54, 54, 4, NULL, NULL),
(55, 55, 1, NULL, NULL),
(56, 56, 3, NULL, NULL),
(57, 57, 3, NULL, NULL),
(58, 58, 4, NULL, NULL),
(59, 59, 4, NULL, NULL),
(60, 60, 4, NULL, NULL),
(61, 61, 4, NULL, NULL),
(62, 62, 4, NULL, NULL),
(63, 63, 4, NULL, NULL),
(64, 64, 4, NULL, NULL),
(65, 65, 4, NULL, NULL),
(66, 66, 4, NULL, NULL),
(67, 67, 4, NULL, NULL),
(68, 68, 4, NULL, NULL),
(69, 69, 4, NULL, NULL),
(70, 70, 4, NULL, NULL),
(71, 71, 4, NULL, NULL),
(72, 72, 4, NULL, NULL),
(73, 73, 4, NULL, NULL),
(74, 74, 4, NULL, NULL),
(75, 75, 4, NULL, NULL),
(76, 76, 4, NULL, NULL),
(77, 77, 4, NULL, NULL),
(78, 78, 4, NULL, NULL),
(79, 79, 4, NULL, NULL),
(80, 80, 4, NULL, NULL),
(81, 81, 4, NULL, NULL),
(82, 82, 4, NULL, NULL),
(83, 83, 4, NULL, NULL),
(84, 84, 4, NULL, NULL),
(85, 85, 4, NULL, NULL),
(86, 86, 4, NULL, NULL),
(87, 87, 4, NULL, NULL),
(88, 88, 4, NULL, NULL),
(89, 89, 4, NULL, NULL),
(90, 90, 4, NULL, NULL),
(91, 91, 4, NULL, NULL),
(92, 92, 4, NULL, NULL),
(93, 93, 4, NULL, NULL),
(94, 94, 4, NULL, NULL),
(95, 95, 4, NULL, NULL),
(96, 96, 4, NULL, NULL),
(97, 97, 4, NULL, NULL),
(98, 98, 4, NULL, NULL),
(99, 99, 4, NULL, NULL),
(100, 100, 4, NULL, NULL),
(101, 101, 4, NULL, NULL),
(102, 102, 4, NULL, NULL),
(103, 103, 4, NULL, NULL),
(104, 104, 4, NULL, NULL),
(105, 105, 4, NULL, NULL),
(106, 106, 4, NULL, NULL),
(107, 107, 4, NULL, NULL),
(108, 108, 4, NULL, NULL),
(109, 109, 4, NULL, NULL),
(110, 110, 4, NULL, NULL),
(111, 111, 4, NULL, NULL),
(112, 112, 3, NULL, NULL),
(113, 113, 3, NULL, NULL),
(114, 114, 3, NULL, NULL),
(115, 115, 3, NULL, NULL),
(116, 116, 3, NULL, NULL),
(117, 117, 3, NULL, NULL),
(118, 118, 3, NULL, NULL),
(119, 119, 4, NULL, NULL),
(120, 120, 3, NULL, NULL),
(121, 121, 3, NULL, NULL),
(122, 122, 2, NULL, NULL),
(123, 123, 2, NULL, NULL),
(124, 124, 2, NULL, NULL),
(125, 125, 2, NULL, NULL),
(126, 126, 4, NULL, NULL),
(127, 127, 4, NULL, NULL),
(128, 128, 4, NULL, NULL),
(129, 129, 4, NULL, NULL),
(130, 130, 4, NULL, NULL),
(131, 131, 4, NULL, NULL),
(132, 132, 4, NULL, NULL),
(133, 133, 4, NULL, NULL),
(134, 134, 4, NULL, NULL),
(135, 135, 4, NULL, NULL),
(136, 136, 4, NULL, NULL),
(137, 137, 4, NULL, NULL),
(138, 138, 4, NULL, NULL),
(139, 139, 4, NULL, NULL),
(140, 140, 6, NULL, NULL),
(141, 141, 7, NULL, NULL),
(142, 142, 4, NULL, NULL),
(143, 143, 4, NULL, NULL),
(144, 144, 4, NULL, NULL),
(145, 145, 4, NULL, NULL),
(146, 146, 4, NULL, NULL),
(147, 147, 4, NULL, NULL),
(148, 148, 4, NULL, NULL),
(149, 149, 4, NULL, NULL),
(150, 150, 4, NULL, NULL),
(151, 151, 4, NULL, NULL),
(152, 152, 4, NULL, NULL),
(153, 153, 4, NULL, NULL),
(154, 154, 4, NULL, NULL),
(155, 155, 4, NULL, NULL),
(156, 156, 4, NULL, NULL),
(157, 157, 4, NULL, NULL),
(158, 158, 4, NULL, NULL),
(159, 159, 4, NULL, NULL),
(160, 160, 4, NULL, NULL),
(161, 161, 4, NULL, NULL),
(162, 162, 4, NULL, NULL),
(163, 163, 4, NULL, NULL),
(164, 164, 4, NULL, NULL),
(165, 165, 4, NULL, NULL),
(166, 166, 4, NULL, NULL),
(167, 167, 4, NULL, NULL),
(168, 168, 4, NULL, NULL),
(169, 169, 4, NULL, NULL),
(170, 170, 4, NULL, NULL),
(171, 171, 4, NULL, NULL),
(172, 172, 4, NULL, NULL),
(173, 173, 4, NULL, NULL),
(174, 174, 4, NULL, NULL),
(175, 175, 4, NULL, NULL),
(176, 176, 4, NULL, NULL),
(177, 177, 4, NULL, NULL),
(178, 178, 4, NULL, NULL),
(179, 179, 4, NULL, NULL),
(180, 180, 4, NULL, NULL),
(181, 181, 4, NULL, NULL),
(182, 182, 4, NULL, NULL),
(183, 183, 4, NULL, NULL),
(184, 184, 4, NULL, NULL),
(185, 185, 4, NULL, NULL),
(186, 186, 4, NULL, NULL),
(187, 187, 4, NULL, NULL),
(188, 188, 4, NULL, NULL),
(189, 189, 4, NULL, NULL),
(190, 190, 4, NULL, NULL),
(191, 191, 4, NULL, NULL),
(192, 192, 4, NULL, NULL),
(193, 193, 4, NULL, NULL),
(194, 194, 4, NULL, NULL),
(195, 195, 4, NULL, NULL),
(196, 196, 4, NULL, NULL),
(197, 197, 4, NULL, NULL),
(198, 198, 4, NULL, NULL),
(199, 199, 4, NULL, NULL),
(200, 200, 4, NULL, NULL),
(201, 201, 4, NULL, NULL),
(202, 202, 4, NULL, NULL),
(203, 203, 4, NULL, NULL),
(204, 204, 4, NULL, NULL),
(205, 205, 4, NULL, NULL),
(206, 206, 4, NULL, NULL),
(207, 207, 4, NULL, NULL),
(208, 208, 4, NULL, NULL),
(209, 209, 4, NULL, NULL),
(210, 210, 4, NULL, NULL),
(211, 211, 4, NULL, NULL),
(212, 212, 4, NULL, NULL),
(213, 213, 4, NULL, NULL),
(214, 214, 4, NULL, NULL),
(215, 215, 4, NULL, NULL),
(216, 216, 4, NULL, NULL),
(217, 217, 4, NULL, NULL),
(218, 218, 4, NULL, NULL),
(219, 219, 4, NULL, NULL),
(220, 220, 4, NULL, NULL),
(221, 221, 4, NULL, NULL),
(222, 222, 4, NULL, NULL),
(223, 223, 4, NULL, NULL),
(224, 224, 4, NULL, NULL),
(225, 225, 4, NULL, NULL),
(226, 226, 4, NULL, NULL),
(227, 227, 4, NULL, NULL),
(228, 228, 4, NULL, NULL),
(229, 229, 4, NULL, NULL),
(230, 230, 4, NULL, NULL),
(231, 231, 4, NULL, NULL),
(232, 232, 4, NULL, NULL),
(233, 233, 4, NULL, NULL),
(234, 234, 4, NULL, NULL),
(235, 235, 4, NULL, NULL),
(236, 236, 4, NULL, NULL),
(237, 237, 4, NULL, NULL),
(238, 238, 4, NULL, NULL),
(239, 239, 4, NULL, NULL),
(240, 240, 4, NULL, NULL),
(241, 241, 5, NULL, NULL),
(242, 242, 4, NULL, NULL),
(243, 243, 4, NULL, NULL),
(244, 244, 4, NULL, NULL),
(245, 245, 4, NULL, NULL),
(246, 246, 4, NULL, NULL),
(247, 247, 4, NULL, NULL),
(248, 248, 4, NULL, NULL),
(249, 249, 4, NULL, NULL),
(250, 250, 4, NULL, NULL),
(251, 251, 4, NULL, NULL),
(252, 252, 4, NULL, NULL),
(253, 253, 4, NULL, NULL),
(254, 254, 4, NULL, NULL),
(255, 255, 4, NULL, NULL),
(256, 256, 4, NULL, NULL),
(257, 257, 4, NULL, NULL),
(258, 258, 4, NULL, NULL),
(259, 259, 4, NULL, NULL),
(260, 260, 4, NULL, NULL),
(261, 261, 4, NULL, NULL),
(262, 262, 4, NULL, NULL),
(263, 263, 4, NULL, NULL),
(264, 264, 4, NULL, NULL),
(265, 265, 4, NULL, NULL),
(266, 266, 4, NULL, NULL),
(267, 267, 4, NULL, NULL),
(268, 268, 4, NULL, NULL),
(269, 269, 4, NULL, NULL),
(270, 270, 4, NULL, NULL),
(271, 271, 4, NULL, NULL),
(272, 272, 4, NULL, NULL),
(273, 273, 4, NULL, NULL),
(274, 274, 4, NULL, NULL),
(275, 275, 4, NULL, NULL),
(276, 276, 4, NULL, NULL),
(277, 277, 4, NULL, NULL),
(278, 278, 4, NULL, NULL),
(279, 279, 4, NULL, NULL),
(280, 280, 4, NULL, NULL),
(281, 281, 4, NULL, NULL),
(282, 282, 4, NULL, NULL),
(283, 283, 4, NULL, NULL),
(284, 284, 4, NULL, NULL),
(285, 285, 4, NULL, NULL),
(286, 286, 4, NULL, NULL),
(287, 287, 4, NULL, NULL),
(288, 288, 4, NULL, NULL),
(289, 289, 4, NULL, NULL),
(290, 290, 4, NULL, NULL),
(291, 291, 4, NULL, NULL),
(292, 292, 4, NULL, NULL),
(293, 293, 4, NULL, NULL),
(294, 294, 4, NULL, NULL),
(295, 295, 4, NULL, NULL),
(296, 296, 4, NULL, NULL),
(297, 297, 4, NULL, NULL),
(298, 298, 4, NULL, NULL),
(299, 299, 4, NULL, NULL),
(300, 300, 4, NULL, NULL),
(301, 301, 4, NULL, NULL),
(302, 302, 4, NULL, NULL),
(303, 303, 4, NULL, NULL),
(304, 304, 4, NULL, NULL),
(305, 305, 4, NULL, NULL),
(306, 306, 4, NULL, NULL),
(307, 307, 4, NULL, NULL),
(308, 308, 2, NULL, NULL),
(309, 309, 4, NULL, NULL),
(310, 310, 4, NULL, NULL),
(311, 311, 4, NULL, NULL),
(312, 312, 4, NULL, NULL),
(313, 313, 4, NULL, NULL),
(314, 314, 4, NULL, NULL),
(315, 315, 4, NULL, NULL),
(316, 316, 4, NULL, NULL),
(317, 317, 4, NULL, NULL),
(318, 318, 4, NULL, NULL),
(319, 319, 4, NULL, NULL),
(320, 320, 4, NULL, NULL),
(321, 321, 4, NULL, NULL),
(322, 322, 4, NULL, NULL),
(323, 323, 4, NULL, NULL),
(324, 324, 4, NULL, NULL),
(325, 325, 4, NULL, NULL),
(326, 326, 4, NULL, NULL),
(327, 327, 4, NULL, NULL),
(328, 328, 4, NULL, NULL),
(329, 329, 4, NULL, NULL),
(330, 330, 4, NULL, NULL),
(331, 331, 4, NULL, NULL),
(332, 332, 4, NULL, NULL),
(333, 333, 4, NULL, NULL),
(334, 334, 4, NULL, NULL),
(335, 335, 4, NULL, NULL),
(336, 336, 4, NULL, NULL),
(337, 337, 4, NULL, NULL),
(338, 338, 4, NULL, NULL),
(339, 339, 4, NULL, NULL),
(340, 340, 4, NULL, NULL),
(341, 341, 4, NULL, NULL),
(342, 342, 4, NULL, NULL),
(343, 343, 4, NULL, NULL),
(344, 344, 4, NULL, NULL),
(345, 345, 4, NULL, NULL),
(346, 346, 4, NULL, NULL),
(347, 347, 4, NULL, NULL),
(348, 348, 4, NULL, NULL),
(349, 349, 4, NULL, NULL),
(350, 350, 4, NULL, NULL),
(351, 351, 4, NULL, NULL),
(352, 352, 4, NULL, NULL),
(353, 353, 4, NULL, NULL),
(354, 354, 4, NULL, NULL),
(355, 355, 4, NULL, NULL),
(356, 356, 4, NULL, NULL),
(357, 357, 4, NULL, NULL),
(358, 358, 4, NULL, NULL),
(359, 359, 4, NULL, NULL),
(360, 360, 4, NULL, NULL),
(361, 361, 4, NULL, NULL),
(362, 362, 4, NULL, NULL),
(363, 363, 4, NULL, NULL),
(364, 364, 4, NULL, NULL),
(365, 365, 4, NULL, NULL),
(366, 366, 4, NULL, NULL),
(367, 367, 4, NULL, NULL),
(368, 368, 4, NULL, NULL),
(369, 369, 4, NULL, NULL),
(370, 370, 4, NULL, NULL),
(371, 371, 4, NULL, NULL),
(372, 372, 4, NULL, NULL),
(373, 373, 4, NULL, NULL),
(374, 374, 4, NULL, NULL),
(375, 375, 4, NULL, NULL),
(376, 376, 4, NULL, NULL),
(377, 377, 4, NULL, NULL),
(378, 378, 4, NULL, NULL),
(379, 379, 4, NULL, NULL),
(380, 380, 4, NULL, NULL),
(381, 381, 4, NULL, NULL),
(382, 382, 4, NULL, NULL),
(383, 383, 4, NULL, NULL),
(384, 384, 4, NULL, NULL),
(385, 385, 4, NULL, NULL),
(386, 386, 4, NULL, NULL),
(387, 387, 4, NULL, NULL),
(388, 388, 4, NULL, NULL),
(389, 389, 4, NULL, NULL),
(390, 390, 4, NULL, NULL),
(391, 391, 4, NULL, NULL),
(392, 392, 4, NULL, NULL),
(393, 393, 4, NULL, NULL),
(394, 394, 4, NULL, NULL),
(395, 395, 4, NULL, NULL),
(396, 396, 4, NULL, NULL),
(397, 397, 8, NULL, NULL),
(398, 398, 4, NULL, NULL),
(399, 399, 4, NULL, NULL),
(400, 400, 4, NULL, NULL),
(401, 401, 4, NULL, NULL),
(402, 402, 4, NULL, NULL),
(403, 403, 4, NULL, NULL),
(404, 404, 4, NULL, NULL),
(405, 405, 4, NULL, NULL),
(406, 406, 4, NULL, NULL),
(407, 407, 4, NULL, NULL),
(408, 408, 4, NULL, NULL),
(409, 409, 4, NULL, NULL),
(410, 410, 5, NULL, NULL),
(411, 411, 4, NULL, NULL),
(412, 412, 4, NULL, NULL),
(413, 413, 4, NULL, NULL),
(414, 414, 4, NULL, NULL);

-- --------------------------------------------------------


INSERT INTO `equipment_service` (`id`, `equipment_id`, `service_id`, `location_id`, `created_at`, `updated_at`) VALUES
(1, 1, 7, 0, NULL, NULL),
(2, 2, 7, 0, NULL, NULL),
(3, 3, 7, 0, NULL, NULL),
(4, 4, 7, 0, NULL, NULL),
(5, 5, 7, 0, NULL, NULL),
(6, 6, 5, 0, NULL, NULL),
(7, 7, 5, 0, NULL, NULL),
(8, 8, 3, 0, NULL, NULL),
(9, 9, 3, 0, NULL, NULL),
(10, 10, 5, 0, NULL, NULL),
(11, 11, 5, 0, NULL, NULL),
(12, 12, 5, 0, NULL, NULL),
(13, 13, 5, 0, NULL, NULL),
(14, 14, 5, 0, NULL, NULL),
(15, 15, 5, 0, NULL, NULL),
(16, 16, 5, 0, NULL, NULL),
(17, 17, 5, 0, NULL, NULL),
(18, 18, 5, 0, NULL, NULL),
(19, 19, 5, 0, NULL, NULL),
(20, 20, 5, 0, NULL, NULL),
(21, 21, 3, 0, NULL, NULL),
(22, 22, 7, 0, NULL, NULL),
(23, 23, 7, 0, NULL, NULL),
(24, 24, 7, 0, NULL, NULL),
(25, 25, 7, 0, NULL, NULL),
(26, 26, 7, 0, NULL, NULL),
(27, 27, 7, 0, NULL, NULL),
(28, 28, 6, 0, NULL, NULL),
(29, 29, 6, 0, NULL, NULL),
(30, 30, 6, 0, NULL, NULL),
(31, 31, 6, 0, NULL, NULL),
(32, 32, 6, 0, NULL, NULL),
(33, 33, 6, 0, NULL, NULL),
(34, 34, 6, 0, NULL, NULL),
(35, 35, 6, 0, NULL, NULL),
(36, 36, 6, 0, NULL, NULL),
(37, 37, 6, 0, NULL, NULL),
(38, 38, 6, 0, NULL, NULL),
(39, 39, 6, 0, NULL, NULL),
(40, 40, 6, 0, NULL, NULL),
(41, 41, 6, 0, NULL, NULL),
(42, 42, 6, 0, NULL, NULL),
(43, 43, 6, 0, NULL, NULL),
(44, 44, 6, 0, NULL, NULL),
(45, 45, 6, 0, NULL, NULL),
(46, 46, 6, 0, NULL, NULL),
(47, 47, 6, 0, NULL, NULL),
(48, 48, 6, 0, NULL, NULL),
(49, 49, 6, 0, NULL, NULL),
(50, 50, 6, 0, NULL, NULL),
(51, 51, 6, 0, NULL, NULL),
(52, 52, 6, 0, NULL, NULL),
(53, 53, 6, 0, NULL, NULL),
(54, 54, 6, 0, NULL, NULL),
(55, 55, 8, 0, NULL, NULL),
(56, 56, 2, 0, NULL, NULL),
(57, 57, 2, 0, NULL, NULL),
(58, 58, 4, 0, NULL, NULL),
(59, 59, 10, 0, NULL, NULL),
(60, 60, 10, 0, NULL, NULL),
(61, 61, 7, 0, NULL, NULL),
(62, 62, 2, 0, NULL, NULL),
(63, 63, 7, 0, NULL, NULL),
(64, 64, 7, 0, NULL, NULL),
(65, 65, 7, 0, NULL, NULL),
(66, 66, 7, 0, NULL, NULL),
(67, 67, 7, 0, NULL, NULL),
(68, 68, 2, 0, NULL, NULL),
(69, 69, 7, 0, NULL, NULL),
(70, 70, 7, 0, NULL, NULL),
(71, 71, 7, 0, NULL, NULL),
(72, 72, 7, 0, NULL, NULL),
(73, 73, 7, 0, NULL, NULL),
(74, 74, 7, 0, NULL, NULL),
(75, 75, 7, 0, NULL, NULL),
(76, 76, 7, 0, NULL, NULL),
(77, 77, 2, 0, NULL, NULL),
(78, 78, 7, 0, NULL, NULL),
(79, 79, 2, 0, NULL, NULL),
(80, 80, 7, 0, NULL, NULL),
(81, 81, 7, 0, NULL, NULL),
(82, 82, 7, 0, NULL, NULL),
(83, 83, 7, 0, NULL, NULL),
(84, 84, 7, 0, NULL, NULL),
(85, 85, 2, 0, NULL, NULL),
(86, 86, 7, 0, NULL, NULL),
(87, 87, 2, 0, NULL, NULL),
(88, 88, 7, 0, NULL, NULL),
(89, 89, 7, 0, NULL, NULL),
(90, 90, 7, 0, NULL, NULL),
(91, 91, 7, 0, NULL, NULL),
(92, 92, 7, 0, NULL, NULL),
(93, 93, 2, 0, NULL, NULL),
(94, 94, 7, 0, NULL, NULL),
(95, 95, 7, 0, NULL, NULL),
(96, 96, 2, 0, NULL, NULL),
(97, 97, 7, 0, NULL, NULL),
(98, 98, 7, 0, NULL, NULL),
(99, 99, 2, 0, NULL, NULL),
(100, 100, 7, 0, NULL, NULL),
(101, 101, 7, 0, NULL, NULL),
(102, 102, 7, 0, NULL, NULL),
(103, 103, 7, 0, NULL, NULL),
(104, 104, 7, 0, NULL, NULL),
(105, 105, 7, 0, NULL, NULL),
(106, 106, 7, 0, NULL, NULL),
(107, 107, 7, 0, NULL, NULL),
(108, 108, 7, 0, NULL, NULL),
(109, 109, 2, 0, NULL, NULL),
(110, 110, 7, 0, NULL, NULL),
(111, 111, 7, 0, NULL, NULL),
(112, 112, 4, 0, NULL, NULL),
(113, 113, 4, 0, NULL, NULL),
(114, 114, 4, 0, NULL, NULL),
(115, 115, 2, 0, NULL, NULL),
(116, 116, 2, 0, NULL, NULL),
(117, 117, 2, 0, NULL, NULL),
(118, 118, 2, 0, NULL, NULL),
(119, 119, 2, 0, NULL, NULL),
(120, 120, 2, 0, NULL, NULL),
(121, 121, 2, 0, NULL, NULL),
(122, 122, 2, 0, NULL, NULL),
(123, 123, 4, 0, NULL, NULL),
(124, 124, 1, 0, NULL, NULL),
(125, 125, 8, 0, NULL, NULL),
(126, 126, 8, 0, NULL, NULL),
(127, 127, 12, 0, NULL, NULL),
(128, 128, 12, 0, NULL, NULL),
(129, 129, 12, 0, NULL, NULL),
(130, 130, 2, 0, NULL, NULL),
(131, 131, 2, 0, NULL, NULL),
(132, 132, 2, 0, NULL, NULL),
(133, 133, 2, 0, NULL, NULL),
(134, 134, 2, 0, NULL, NULL),
(135, 135, 2, 0, NULL, NULL),
(136, 136, 2, 0, NULL, NULL),
(137, 137, 2, 0, NULL, NULL),
(138, 138, 4, 0, NULL, NULL),
(139, 139, 1, 0, NULL, NULL),
(140, 140, 1, 0, NULL, NULL),
(141, 141, 1, 0, NULL, NULL),
(142, 142, 8, 0, NULL, NULL),
(143, 143, 8, 0, NULL, NULL),
(144, 144, 8, 0, NULL, NULL),
(145, 145, 8, 0, NULL, NULL),
(146, 146, 8, 0, NULL, NULL),
(147, 147, 8, 0, NULL, NULL),
(148, 148, 8, 0, NULL, NULL),
(149, 149, 8, 0, NULL, NULL),
(150, 150, 8, 0, NULL, NULL),
(151, 151, 8, 0, NULL, NULL),
(152, 152, 8, 0, NULL, NULL),
(153, 153, 8, 0, NULL, NULL),
(154, 154, 2, 0, NULL, NULL),
(155, 155, 8, 0, NULL, NULL),
(156, 156, 8, 0, NULL, NULL),
(157, 157, 10, 0, NULL, NULL),
(158, 158, 10, 0, NULL, NULL),
(159, 159, 4, 0, NULL, NULL),
(160, 160, 4, 0, NULL, NULL),
(161, 161, 4, 0, NULL, NULL),
(162, 162, 4, 0, NULL, NULL),
(163, 163, 4, 0, NULL, NULL),
(164, 164, 4, 0, NULL, NULL),
(165, 165, 4, 0, NULL, NULL),
(166, 166, 4, 0, NULL, NULL),
(167, 167, 4, 0, NULL, NULL),
(168, 168, 4, 0, NULL, NULL),
(169, 169, 4, 0, NULL, NULL),
(170, 170, 4, 0, NULL, NULL),
(171, 171, 4, 0, NULL, NULL),
(172, 172, 4, 0, NULL, NULL),
(173, 173, 4, 0, NULL, NULL),
(174, 174, 4, 0, NULL, NULL),
(175, 175, 4, 0, NULL, NULL),
(176, 176, 4, 0, NULL, NULL),
(177, 177, 4, 0, NULL, NULL),
(178, 178, 4, 0, NULL, NULL),
(179, 179, 4, 0, NULL, NULL),
(180, 180, 4, 0, NULL, NULL),
(181, 181, 4, 0, NULL, NULL),
(182, 182, 4, 0, NULL, NULL),
(183, 183, 4, 0, NULL, NULL),
(184, 184, 4, 0, NULL, NULL),
(185, 185, 4, 0, NULL, NULL),
(186, 186, 4, 0, NULL, NULL),
(187, 187, 4, 0, NULL, NULL),
(188, 188, 4, 0, NULL, NULL),
(189, 189, 4, 0, NULL, NULL),
(190, 190, 4, 0, NULL, NULL),
(191, 191, 4, 0, NULL, NULL),
(192, 192, 4, 0, NULL, NULL),
(193, 193, 4, 0, NULL, NULL),
(194, 194, 4, 0, NULL, NULL),
(195, 195, 3, 0, NULL, NULL),
(196, 196, 4, 0, NULL, NULL),
(197, 197, 4, 0, NULL, NULL),
(198, 198, 4, 0, NULL, NULL),
(199, 199, 4, 0, NULL, NULL),
(200, 200, 4, 0, NULL, NULL),
(201, 201, 4, 0, NULL, NULL),
(202, 202, 4, 0, NULL, NULL),
(203, 203, 4, 0, NULL, NULL),
(204, 204, 4, 0, NULL, NULL),
(205, 205, 4, 0, NULL, NULL),
(206, 206, 4, 0, NULL, NULL),
(207, 207, 4, 0, NULL, NULL),
(208, 208, 4, 0, NULL, NULL),
(209, 209, 4, 0, NULL, NULL),
(210, 210, 4, 0, NULL, NULL),
(211, 211, 4, 0, NULL, NULL),
(212, 212, 4, 0, NULL, NULL),
(213, 213, 4, 0, NULL, NULL),
(214, 214, 4, 0, NULL, NULL),
(215, 215, 4, 0, NULL, NULL),
(216, 216, 4, 0, NULL, NULL),
(217, 217, 4, 0, NULL, NULL),
(218, 218, 4, 0, NULL, NULL),
(219, 219, 4, 0, NULL, NULL),
(220, 220, 4, 0, NULL, NULL),
(221, 221, 4, 0, NULL, NULL),
(222, 222, 4, 0, NULL, NULL),
(223, 223, 4, 0, NULL, NULL),
(224, 224, 4, 0, NULL, NULL),
(225, 225, 4, 0, NULL, NULL),
(226, 226, 4, 0, NULL, NULL),
(227, 227, 4, 0, NULL, NULL),
(228, 228, 4, 0, NULL, NULL),
(229, 229, 4, 0, NULL, NULL),
(230, 230, 4, 0, NULL, NULL),
(231, 231, 4, 0, NULL, NULL),
(232, 232, 4, 0, NULL, NULL),
(233, 233, 4, 0, NULL, NULL),
(234, 234, 4, 0, NULL, NULL),
(235, 235, 4, 0, NULL, NULL),
(236, 236, 4, 0, NULL, NULL),
(237, 237, 4, 0, NULL, NULL),
(238, 238, 4, 0, NULL, NULL),
(239, 239, 4, 0, NULL, NULL),
(240, 240, 4, 0, NULL, NULL),
(241, 241, 4, 0, NULL, NULL),
(242, 242, 4, 0, NULL, NULL),
(243, 243, 4, 0, NULL, NULL),
(244, 244, 4, 0, NULL, NULL),
(245, 245, 4, 0, NULL, NULL),
(246, 246, 4, 0, NULL, NULL),
(247, 247, 4, 0, NULL, NULL),
(248, 248, 4, 0, NULL, NULL),
(249, 249, 4, 0, NULL, NULL),
(250, 250, 4, 0, NULL, NULL),
(251, 251, 4, 0, NULL, NULL),
(252, 252, 4, 0, NULL, NULL),
(253, 253, 4, 0, NULL, NULL),
(254, 254, 4, 0, NULL, NULL),
(255, 255, 10, 0, NULL, NULL),
(256, 256, 10, 0, NULL, NULL),
(257, 257, 10, 0, NULL, NULL),
(258, 258, 10, 0, NULL, NULL),
(259, 259, 10, 0, NULL, NULL),
(260, 260, 10, 0, NULL, NULL),
(261, 261, 4, 0, NULL, NULL),
(262, 262, 4, 0, NULL, NULL),
(263, 263, 4, 0, NULL, NULL),
(264, 264, 4, 0, NULL, NULL),
(265, 265, 4, 0, NULL, NULL),
(266, 266, 4, 0, NULL, NULL),
(267, 267, 4, 0, NULL, NULL),
(268, 268, 4, 0, NULL, NULL),
(269, 269, 10, 0, NULL, NULL),
(270, 270, 10, 0, NULL, NULL),
(271, 271, 5, 0, NULL, NULL),
(272, 272, 4, 0, NULL, NULL),
(273, 273, 12, 0, NULL, NULL),
(274, 274, 12, 0, NULL, NULL),
(275, 275, 12, 0, NULL, NULL),
(276, 276, 12, 0, NULL, NULL),
(277, 277, 12, 0, NULL, NULL),
(278, 278, 4, 0, NULL, NULL),
(279, 279, 4, 0, NULL, NULL),
(280, 280, 4, 0, NULL, NULL),
(281, 281, 4, 0, NULL, NULL),
(282, 282, 5, 0, NULL, NULL),
(283, 283, 5, 0, NULL, NULL),
(284, 284, 5, 0, NULL, NULL),
(285, 285, 5, 0, NULL, NULL),
(286, 286, 5, 0, NULL, NULL),
(287, 287, 5, 0, NULL, NULL),
(288, 288, 5, 0, NULL, NULL),
(289, 289, 7, 0, NULL, NULL),
(290, 290, 7, 0, NULL, NULL),
(291, 291, 7, 0, NULL, NULL),
(292, 292, 7, 0, NULL, NULL),
(293, 293, 7, 0, NULL, NULL),
(294, 294, 10, 0, NULL, NULL),
(295, 295, 10, 0, NULL, NULL),
(296, 296, 10, 0, NULL, NULL),
(297, 297, 10, 0, NULL, NULL),
(298, 298, 10, 0, NULL, NULL),
(299, 299, 10, 0, NULL, NULL),
(300, 300, 10, 0, NULL, NULL),
(301, 301, 10, 0, NULL, NULL),
(302, 302, 10, 0, NULL, NULL),
(303, 303, 10, 0, NULL, NULL),
(304, 304, 10, 0, NULL, NULL),
(305, 305, 10, 0, NULL, NULL),
(306, 306, 10, 0, NULL, NULL),
(307, 307, 10, 0, NULL, NULL),
(308, 308, 10, 0, NULL, NULL),
(309, 309, 10, 0, NULL, NULL),
(310, 310, 10, 0, NULL, NULL),
(311, 311, 10, 0, NULL, NULL),
(312, 312, 10, 0, NULL, NULL),
(313, 313, 10, 0, NULL, NULL),
(314, 314, 10, 0, NULL, NULL),
(315, 315, 1, 0, NULL, NULL),
(316, 316, 10, 0, NULL, NULL),
(317, 317, 10, 0, NULL, NULL),
(318, 318, 2, 0, NULL, NULL),
(319, 319, 2, 0, NULL, NULL),
(320, 320, 2, 0, NULL, NULL),
(321, 321, 2, 0, NULL, NULL),
(322, 322, 2, 0, NULL, NULL),
(323, 323, 2, 0, NULL, NULL),
(324, 324, 2, 0, NULL, NULL),
(325, 325, 2, 0, NULL, NULL),
(326, 326, 2, 0, NULL, NULL),
(327, 327, 2, 0, NULL, NULL),
(328, 328, 2, 0, NULL, NULL),
(329, 329, 2, 0, NULL, NULL),
(330, 330, 2, 0, NULL, NULL),
(331, 331, 2, 0, NULL, NULL),
(332, 332, 2, 0, NULL, NULL),
(333, 333, 2, 0, NULL, NULL),
(334, 334, 2, 0, NULL, NULL),
(335, 335, 2, 0, NULL, NULL),
(336, 336, 2, 0, NULL, NULL),
(337, 337, 2, 0, NULL, NULL),
(338, 338, 2, 0, NULL, NULL),
(339, 339, 2, 0, NULL, NULL),
(340, 340, 2, 0, NULL, NULL),
(341, 341, 2, 0, NULL, NULL),
(342, 342, 2, 0, NULL, NULL),
(343, 343, 2, 0, NULL, NULL),
(344, 344, 2, 0, NULL, NULL),
(345, 345, 2, 0, NULL, NULL),
(346, 346, 2, 0, NULL, NULL),
(347, 347, 2, 0, NULL, NULL),
(348, 348, 2, 0, NULL, NULL),
(349, 349, 2, 0, NULL, NULL),
(350, 350, 2, 0, NULL, NULL),
(351, 351, 2, 0, NULL, NULL),
(352, 352, 2, 0, NULL, NULL),
(353, 353, 2, 0, NULL, NULL),
(354, 354, 2, 0, NULL, NULL),
(355, 355, 2, 0, NULL, NULL),
(356, 356, 2, 0, NULL, NULL),
(357, 357, 2, 0, NULL, NULL),
(358, 358, 2, 0, NULL, NULL),
(359, 359, 2, 0, NULL, NULL),
(360, 360, 2, 0, NULL, NULL),
(361, 361, 2, 0, NULL, NULL),
(362, 362, 2, 0, NULL, NULL),
(363, 363, 2, 0, NULL, NULL),
(364, 364, 2, 0, NULL, NULL),
(365, 365, 2, 0, NULL, NULL),
(366, 366, 2, 0, NULL, NULL),
(367, 367, 2, 0, NULL, NULL),
(368, 368, 2, 0, NULL, NULL),
(369, 369, 8, 0, NULL, NULL),
(370, 370, 8, 0, NULL, NULL),
(371, 371, 8, 0, NULL, NULL),
(372, 372, 8, 0, NULL, NULL),
(373, 373, 8, 0, NULL, NULL),
(374, 374, 8, 0, NULL, NULL),
(375, 375, 8, 0, NULL, NULL),
(376, 376, 8, 0, NULL, NULL),
(377, 377, 8, 0, NULL, NULL),
(378, 378, 8, 0, NULL, NULL),
(379, 379, 8, 0, NULL, NULL),
(380, 380, 8, 0, NULL, NULL),
(381, 381, 8, 0, NULL, NULL),
(382, 382, 8, 0, NULL, NULL),
(383, 383, 8, 0, NULL, NULL),
(384, 384, 8, 0, NULL, NULL),
(385, 385, 8, 0, NULL, NULL),
(386, 386, 8, 0, NULL, NULL),
(387, 387, 8, 0, NULL, NULL),
(388, 388, 8, 0, NULL, NULL),
(389, 389, 8, 0, NULL, NULL),
(390, 390, 8, 0, NULL, NULL),
(391, 391, 8, 0, NULL, NULL),
(392, 392, 8, 0, NULL, NULL),
(393, 393, 8, 0, NULL, NULL),
(394, 394, 8, 0, NULL, NULL),
(395, 395, 6, 0, NULL, NULL),
(396, 396, 6, 0, NULL, NULL),
(397, 397, 8, 0, NULL, NULL),
(398, 398, 7, 0, NULL, NULL),
(399, 399, 7, 0, NULL, NULL),
(400, 400, 7, 0, NULL, NULL),
(401, 401, 7, 0, NULL, NULL),
(402, 402, 7, 0, NULL, NULL),
(403, 403, 7, 0, NULL, NULL),
(404, 404, 7, 0, NULL, NULL),
(405, 405, 7, 0, NULL, NULL),
(406, 406, 4, 0, NULL, NULL),
(407, 407, 4, 0, NULL, NULL),
(408, 408, 4, 0, NULL, NULL),
(409, 409, 6, 0, NULL, NULL),
(410, 410, 10, 0, NULL, NULL),
(411, 411, 4, 0, NULL, NULL),
(412, 412, 4, 0, NULL, NULL),
(413, 413, 4, 0, NULL, NULL),
(414, 414, 2, 0, NULL, NULL);

-- --------------------------------------------------------

--
-- Estructura de tabla para la tabla `equipos_tipoadquisiciones`
--



INSERT INTO `equipment_maintenance` (`id`, `equipment_id`, `maintenance_id`, `created_at`, `updated_at`) VALUES
(1, 1, 1, NULL, NULL),
(2, 2, 1, NULL, NULL),
(3, 3, 1, NULL, NULL),
(4, 4, 1, NULL, NULL),
(5, 5, 1, NULL, NULL),
(6, 6, 1, NULL, NULL),
(7, 7, 1, NULL, NULL),
(8, 8, 1, NULL, NULL),
(9, 9, 1, NULL, NULL),
(10, 10, 1, NULL, NULL),
(11, 11, 1, NULL, NULL),
(12, 12, 1, NULL, NULL),
(13, 13, 1, NULL, NULL),
(14, 14, 1, NULL, NULL),
(15, 15, 1, NULL, NULL),
(16, 16, 7, NULL, NULL),
(17, 17, 1, NULL, NULL),
(18, 18, 1, NULL, NULL),
(19, 19, 1, NULL, NULL),
(20, 20, 1, NULL, NULL),
(21, 21, 2, NULL, NULL),
(22, 22, 2, NULL, NULL),
(23, 23, 2, NULL, NULL),
(24, 24, 2, NULL, NULL),
(25, 25, 2, NULL, NULL),
(26, 26, 2, NULL, NULL),
(27, 27, 2, NULL, NULL),
(28, 28, 2, NULL, NULL),
(29, 29, 2, NULL, NULL),
(30, 30, 2, NULL, NULL),
(31, 31, 2, NULL, NULL),
(32, 32, 2, NULL, NULL),
(33, 33, 2, NULL, NULL),
(34, 34, 2, NULL, NULL),
(35, 35, 2, NULL, NULL),
(36, 36, 2, NULL, NULL),
(37, 37, 2, NULL, NULL),
(38, 38, 2, NULL, NULL),
(39, 39, 1, NULL, NULL),
(40, 40, 7, NULL, NULL),
(41, 41, 7, NULL, NULL),
(42, 42, 1, NULL, NULL),
(43, 43, 7, NULL, NULL),
(44, 44, 7, NULL, NULL),
(45, 45, 1, NULL, NULL),
(46, 46, 1, NULL, NULL),
(47, 47, 1, NULL, NULL),
(48, 48, 7, NULL, NULL),
(49, 49, 7, NULL, NULL),
(50, 50, 7, NULL, NULL),
(51, 51, 7, NULL, NULL),
(52, 52, 7, NULL, NULL),
(53, 53, 7, NULL, NULL),
(54, 54, 7, NULL, NULL),
(55, 55, 1, NULL, NULL),
(56, 56, 1, NULL, NULL),
(57, 57, 1, NULL, NULL),
(58, 58, 1, NULL, NULL),
(59, 59, 6, NULL, NULL),
(60, 60, 6, NULL, NULL),
(61, 61, 2, NULL, NULL),
(62, 62, 2, NULL, NULL),
(63, 63, 2, NULL, NULL),
(64, 64, 2, NULL, NULL),
(65, 65, 2, NULL, NULL),
(66, 66, 2, NULL, NULL),
(67, 67, 2, NULL, NULL),
(68, 68, 2, NULL, NULL),
(69, 69, 2, NULL, NULL),
(70, 70, 2, NULL, NULL),
(71, 71, 2, NULL, NULL),
(72, 72, 2, NULL, NULL),
(73, 73, 2, NULL, NULL),
(74, 74, 2, NULL, NULL),
(75, 75, 2, NULL, NULL),
(76, 76, 2, NULL, NULL),
(77, 77, 2, NULL, NULL),
(78, 78, 2, NULL, NULL),
(79, 79, 2, NULL, NULL),
(80, 80, 2, NULL, NULL),
(81, 81, 2, NULL, NULL),
(82, 82, 2, NULL, NULL),
(83, 83, 2, NULL, NULL),
(84, 84, 2, NULL, NULL),
(85, 85, 2, NULL, NULL),
(86, 86, 2, NULL, NULL),
(87, 87, 2, NULL, NULL),
(88, 88, 2, NULL, NULL),
(89, 89, 2, NULL, NULL),
(90, 90, 2, NULL, NULL),
(91, 91, 2, NULL, NULL),
(92, 92, 2, NULL, NULL),
(93, 93, 2, NULL, NULL),
(94, 94, 2, NULL, NULL),
(95, 95, 2, NULL, NULL),
(96, 96, 2, NULL, NULL),
(97, 97, 2, NULL, NULL),
(98, 98, 2, NULL, NULL),
(99, 99, 2, NULL, NULL),
(100, 100, 2, NULL, NULL),
(101, 101, 2, NULL, NULL),
(102, 102, 2, NULL, NULL),
(103, 103, 2, NULL, NULL),
(104, 104, 2, NULL, NULL),
(105, 105, 2, NULL, NULL),
(106, 106, 2, NULL, NULL),
(107, 107, 2, NULL, NULL),
(108, 108, 2, NULL, NULL),
(109, 109, 2, NULL, NULL),
(110, 110, 2, NULL, NULL),
(111, 111, 2, NULL, NULL),
(112, 112, 1, NULL, NULL),
(113, 113, 1, NULL, NULL),
(114, 114, 1, NULL, NULL),
(115, 115, 1, NULL, NULL),
(116, 116, 1, NULL, NULL),
(117, 117, 1, NULL, NULL),
(118, 118, 1, NULL, NULL),
(119, 119, 1, NULL, NULL),
(120, 120, 1, NULL, NULL),
(121, 121, 1, NULL, NULL),
(122, 122, 1, NULL, NULL),
(123, 123, 1, NULL, NULL),
(124, 124, 1, NULL, NULL),
(125, 125, 1, NULL, NULL),
(126, 126, 1, NULL, NULL),
(127, 127, 1, NULL, NULL),
(128, 128, 1, NULL, NULL),
(129, 129, 1, NULL, NULL),
(130, 130, 1, NULL, NULL),
(131, 131, 1, NULL, NULL),
(132, 132, 1, NULL, NULL),
(133, 133, 1, NULL, NULL),
(134, 134, 1, NULL, NULL),
(135, 135, 1, NULL, NULL),
(136, 136, 1, NULL, NULL),
(137, 137, 1, NULL, NULL),
(138, 138, 1, NULL, NULL),
(139, 139, 1, NULL, NULL),
(140, 140, 1, NULL, NULL),
(141, 141, 1, NULL, NULL),
(142, 142, 1, NULL, NULL),
(143, 143, 1, NULL, NULL),
(144, 144, 1, NULL, NULL),
(145, 145, 1, NULL, NULL),
(146, 146, 1, NULL, NULL),
(147, 147, 1, NULL, NULL),
(148, 148, 1, NULL, NULL),
(149, 149, 1, NULL, NULL),
(150, 150, 1, NULL, NULL),
(151, 151, 1, NULL, NULL),
(152, 152, 1, NULL, NULL),
(153, 153, 1, NULL, NULL),
(154, 154, 1, NULL, NULL),
(155, 155, 1, NULL, NULL),
(156, 156, 1, NULL, NULL),
(157, 157, 1, NULL, NULL),
(158, 158, 1, NULL, NULL),
(159, 159, 1, NULL, NULL),
(160, 160, 1, NULL, NULL),
(161, 161, 2, NULL, NULL),
(162, 162, 2, NULL, NULL),
(163, 163, 2, NULL, NULL),
(164, 164, 2, NULL, NULL),
(165, 165, 2, NULL, NULL),
(166, 166, 2, NULL, NULL),
(167, 167, 1, NULL, NULL),
(168, 168, 1, NULL, NULL),
(169, 169, 1, NULL, NULL),
(170, 170, 1, NULL, NULL),
(171, 171, 1, NULL, NULL),
(172, 172, 2, NULL, NULL),
(173, 173, 2, NULL, NULL),
(174, 174, 2, NULL, NULL),
(175, 175, 2, NULL, NULL),
(176, 176, 2, NULL, NULL),
(177, 177, 2, NULL, NULL),
(178, 178, 1, NULL, NULL),
(179, 179, 1, NULL, NULL),
(180, 180, 1, NULL, NULL),
(181, 181, 1, NULL, NULL),
(182, 182, 1, NULL, NULL),
(183, 183, 1, NULL, NULL),
(184, 184, 1, NULL, NULL),
(185, 185, 2, NULL, NULL),
(186, 186, 2, NULL, NULL),
(187, 187, 2, NULL, NULL),
(188, 188, 2, NULL, NULL),
(189, 189, 2, NULL, NULL),
(190, 190, 2, NULL, NULL),
(191, 191, 2, NULL, NULL),
(192, 192, 2, NULL, NULL),
(193, 193, 2, NULL, NULL),
(194, 194, 1, NULL, NULL),
(195, 195, 1, NULL, NULL),
(196, 196, 1, NULL, NULL),
(197, 197, 2, NULL, NULL),
(198, 198, 1, NULL, NULL),
(199, 199, 2, NULL, NULL),
(200, 200, 2, NULL, NULL),
(201, 201, 1, NULL, NULL),
(202, 202, 1, NULL, NULL),
(203, 203, 1, NULL, NULL),
(204, 204, 1, NULL, NULL),
(205, 205, 1, NULL, NULL),
(206, 206, 1, NULL, NULL),
(207, 207, 1, NULL, NULL),
(208, 208, 1, NULL, NULL),
(209, 209, 1, NULL, NULL),
(210, 210, 1, NULL, NULL),
(211, 211, 1, NULL, NULL),
(212, 212, 1, NULL, NULL),
(213, 213, 2, NULL, NULL),
(214, 214, 1, NULL, NULL),
(215, 215, 2, NULL, NULL),
(216, 216, 2, NULL, NULL),
(217, 217, 2, NULL, NULL),
(218, 218, 2, NULL, NULL),
(219, 219, 2, NULL, NULL),
(220, 220, 2, NULL, NULL),
(221, 221, 1, NULL, NULL),
(222, 222, 1, NULL, NULL),
(223, 223, 1, NULL, NULL),
(224, 224, 2, NULL, NULL),
(225, 225, 1, NULL, NULL),
(226, 226, 1, NULL, NULL),
(227, 227, 1, NULL, NULL),
(228, 228, 1, NULL, NULL),
(229, 229, 1, NULL, NULL),
(230, 230, 1, NULL, NULL),
(231, 231, 1, NULL, NULL),
(232, 232, 1, NULL, NULL),
(233, 233, 1, NULL, NULL),
(234, 234, 1, NULL, NULL),
(235, 235, 1, NULL, NULL),
(236, 236, 1, NULL, NULL),
(237, 237, 1, NULL, NULL),
(238, 238, 1, NULL, NULL),
(239, 239, 1, NULL, NULL),
(240, 240, 1, NULL, NULL),
(241, 241, 1, NULL, NULL),
(242, 242, 1, NULL, NULL),
(243, 243, 1, NULL, NULL),
(244, 244, 1, NULL, NULL),
(245, 245, 1, NULL, NULL),
(246, 246, 1, NULL, NULL),
(247, 247, 1, NULL, NULL),
(248, 248, 1, NULL, NULL),
(249, 249, 1, NULL, NULL),
(250, 250, 1, NULL, NULL),
(251, 251, 1, NULL, NULL),
(252, 252, 1, NULL, NULL),
(253, 253, 1, NULL, NULL),
(254, 254, 1, NULL, NULL),
(255, 255, 1, NULL, NULL),
(256, 256, 1, NULL, NULL),
(257, 257, 1, NULL, NULL),
(258, 258, 1, NULL, NULL),
(259, 259, 1, NULL, NULL),
(260, 260, 1, NULL, NULL),
(261, 261, 1, NULL, NULL),
(262, 262, 1, NULL, NULL),
(263, 263, 1, NULL, NULL),
(264, 264, 1, NULL, NULL),
(265, 265, 1, NULL, NULL),
(266, 266, 1, NULL, NULL),
(267, 267, 1, NULL, NULL),
(268, 268, 1, NULL, NULL),
(269, 269, 1, NULL, NULL),
(270, 270, 1, NULL, NULL),
(271, 271, 1, NULL, NULL),
(272, 272, 1, NULL, NULL),
(273, 273, 2, NULL, NULL),
(274, 274, 2, NULL, NULL),
(275, 275, 2, NULL, NULL),
(276, 276, 1, NULL, NULL),
(277, 277, 1, NULL, NULL),
(278, 278, 1, NULL, NULL),
(279, 279, 1, NULL, NULL),
(280, 280, 1, NULL, NULL),
(281, 281, 1, NULL, NULL),
(282, 282, 1, NULL, NULL),
(283, 283, 1, NULL, NULL),
(284, 284, 1, NULL, NULL),
(285, 285, 1, NULL, NULL),
(286, 286, 1, NULL, NULL),
(287, 287, 1, NULL, NULL),
(288, 288, 1, NULL, NULL),
(289, 289, 1, NULL, NULL),
(290, 290, 1, NULL, NULL),
(291, 291, 1, NULL, NULL),
(292, 292, 1, NULL, NULL),
(293, 293, 1, NULL, NULL),
(294, 294, 1, NULL, NULL),
(295, 295, 1, NULL, NULL),
(296, 296, 1, NULL, NULL),
(297, 297, 1, NULL, NULL),
(298, 298, 1, NULL, NULL),
(299, 299, 1, NULL, NULL),
(300, 300, 1, NULL, NULL),
(301, 301, 1, NULL, NULL),
(302, 302, 1, NULL, NULL),
(303, 303, 1, NULL, NULL),
(304, 304, 1, NULL, NULL),
(305, 305, 1, NULL, NULL),
(306, 306, 1, NULL, NULL),
(307, 307, 1, NULL, NULL),
(308, 308, 1, NULL, NULL),
(309, 309, 1, NULL, NULL),
(310, 310, 1, NULL, NULL),
(311, 311, 1, NULL, NULL),
(312, 312, 1, NULL, NULL),
(313, 313, 1, NULL, NULL),
(314, 314, 1, NULL, NULL),
(315, 315, 1, NULL, NULL),
(316, 316, 1, NULL, NULL),
(317, 317, 1, NULL, NULL),
(318, 318, 2, NULL, NULL),
(319, 319, 1, NULL, NULL),
(320, 320, 2, NULL, NULL),
(321, 321, 2, NULL, NULL),
(322, 322, 2, NULL, NULL),
(323, 323, 2, NULL, NULL),
(324, 324, 2, NULL, NULL),
(325, 325, 2, NULL, NULL),
(326, 326, 2, NULL, NULL),
(327, 327, 2, NULL, NULL),
(328, 328, 2, NULL, NULL),
(329, 329, 2, NULL, NULL),
(330, 330, 2, NULL, NULL),
(331, 331, 2, NULL, NULL),
(332, 332, 2, NULL, NULL),
(333, 333, 2, NULL, NULL),
(334, 334, 1, NULL, NULL),
(335, 335, 1, NULL, NULL),
(336, 336, 2, NULL, NULL),
(337, 337, 2, NULL, NULL),
(338, 338, 2, NULL, NULL),
(339, 339, 2, NULL, NULL),
(340, 340, 2, NULL, NULL),
(341, 341, 1, NULL, NULL),
(342, 342, 2, NULL, NULL),
(343, 343, 2, NULL, NULL),
(344, 344, 2, NULL, NULL),
(345, 345, 2, NULL, NULL),
(346, 346, 2, NULL, NULL),
(347, 347, 2, NULL, NULL),
(348, 348, 2, NULL, NULL),
(349, 349, 2, NULL, NULL),
(350, 350, 2, NULL, NULL),
(351, 351, 1, NULL, NULL),
(352, 352, 1, NULL, NULL),
(353, 353, 1, NULL, NULL),
(354, 354, 1, NULL, NULL),
(355, 355, 2, NULL, NULL),
(356, 356, 2, NULL, NULL),
(357, 357, 2, NULL, NULL),
(358, 358, 1, NULL, NULL),
(359, 359, 1, NULL, NULL),
(360, 360, 1, NULL, NULL),
(361, 361, 2, NULL, NULL),
(362, 362, 2, NULL, NULL),
(363, 363, 1, NULL, NULL),
(364, 364, 1, NULL, NULL),
(365, 365, 1, NULL, NULL),
(366, 366, 2, NULL, NULL),
(367, 367, 2, NULL, NULL),
(368, 368, 1, NULL, NULL),
(369, 369, 1, NULL, NULL),
(370, 370, 1, NULL, NULL),
(371, 371, 1, NULL, NULL),
(372, 372, 1, NULL, NULL),
(373, 373, 1, NULL, NULL),
(374, 374, 1, NULL, NULL),
(375, 375, 1, NULL, NULL),
(376, 376, 1, NULL, NULL),
(377, 377, 1, NULL, NULL),
(378, 378, 1, NULL, NULL),
(379, 379, 1, NULL, NULL),
(380, 380, 1, NULL, NULL),
(381, 381, 1, NULL, NULL),
(382, 382, 1, NULL, NULL),
(383, 383, 1, NULL, NULL),
(384, 384, 1, NULL, NULL),
(385, 385, 1, NULL, NULL),
(386, 386, 1, NULL, NULL),
(387, 387, 1, NULL, NULL),
(388, 388, 1, NULL, NULL),
(389, 389, 1, NULL, NULL),
(390, 390, 1, NULL, NULL),
(391, 391, 1, NULL, NULL),
(392, 392, 1, NULL, NULL),
(393, 393, 1, NULL, NULL),
(394, 394, 1, NULL, NULL),
(395, 395, 1, NULL, NULL),
(396, 396, 1, NULL, NULL),
(397, 397, 1, NULL, NULL),
(398, 398, 2, NULL, NULL),
(399, 399, 2, NULL, NULL),
(400, 400, 2, NULL, NULL),
(401, 401, 2, NULL, NULL),
(402, 402, 2, NULL, NULL),
(403, 403, 2, NULL, NULL),
(404, 404, 2, NULL, NULL),
(405, 405, 2, NULL, NULL),
(406, 406, 1, NULL, NULL),
(407, 407, 1, NULL, NULL),
(408, 408, 1, NULL, NULL),
(409, 409, 2, NULL, NULL),
(410, 410, 1, NULL, NULL),
(411, 411, 2, NULL, NULL),
(412, 412, 2, NULL, NULL),
(413, 413, 2, NULL, NULL),
(414, 414, 2, NULL, NULL);

-- --------------------------------------------------------

INSERT INTO `states` (`id`, `name`, `created_at`, `updated_at`) VALUES
(1, 'bueno', NULL, NULL),
(2, 'malo', NULL, NULL);

-- --------------------------------------------------------


INSERT INTO `records` (`id`, `equipment_id`, `m_anterior`, `m_proxima`, `created_at`, `updated_at`) VALUES
(1, 1, '2016-12-22', '2017-04-30', NULL, NULL),
(2, 2, '2016-05-02', '2017-05-31', NULL, NULL),
(3, 3, '0000-00-00', '0000-00-00', NULL, NULL),
(4, 4, '0000-00-00', '0000-00-00', NULL, NULL),
(5, 5, '0000-00-00', '0000-00-00', NULL, NULL),
(6, 6, '0000-00-00', '0000-00-00', NULL, NULL),
(7, 7, '2016-12-05', '2017-11-30', NULL, NULL),
(8, 8, '0000-00-00', '0000-00-00', NULL, NULL),
(9, 9, '0000-00-00', '0000-00-00', NULL, NULL),
(10, 10, '0000-00-00', '0000-00-00', NULL, NULL),
(11, 11, '0000-00-00', '0000-00-00', NULL, NULL),
(12, 12, '0000-00-00', '0000-00-00', NULL, NULL),
(13, 13, '0000-00-00', '0000-00-00', NULL, NULL),
(14, 14, '0000-00-00', '0000-00-00', NULL, NULL),
(15, 15, '0000-00-00', '0000-00-00', NULL, NULL),
(16, 16, '0000-00-00', '0000-00-00', NULL, NULL),
(17, 17, '0000-00-00', '0000-00-00', NULL, NULL),
(18, 18, '0000-00-00', '0000-00-00', NULL, NULL),
(19, 19, '0000-00-00', '0000-00-00', NULL, NULL),
(20, 20, '0000-00-00', '0000-00-00', NULL, NULL),
(21, 21, '0000-00-00', '0000-00-00', NULL, NULL),
(22, 22, '0000-00-00', '0000-00-00', NULL, NULL),
(23, 23, '0000-00-00', '0000-00-00', NULL, NULL),
(24, 24, '0000-00-00', '0000-00-00', NULL, NULL),
(25, 25, '0000-00-00', '0000-00-00', NULL, NULL),
(26, 26, '0000-00-00', '0000-00-00', NULL, NULL),
(27, 27, '0000-00-00', '0000-00-00', NULL, NULL),
(28, 28, '0000-00-00', '2017-09-30', NULL, NULL),
(29, 29, '2017-10-21', '2017-05-31', NULL, NULL),
(30, 30, '2016-12-20', '2017-12-31', NULL, NULL),
(31, 31, '2016-12-20', '2017-12-31', NULL, NULL),
(32, 32, '0000-00-00', '0000-00-00', NULL, NULL),
(33, 33, '0000-00-00', '0000-00-00', NULL, NULL),
(34, 34, '0000-00-00', '2017-09-30', NULL, NULL),
(35, 35, '0000-00-00', '2017-09-30', NULL, NULL),
(36, 36, '2016-11-23', '2017-12-31', NULL, NULL),
(37, 37, '2016-10-01', '2017-08-31', NULL, NULL),
(38, 38, '2017-02-16', '2017-08-31', NULL, NULL),
(39, 39, '0000-00-00', '0000-00-00', NULL, NULL),
(40, 40, '0000-00-00', '0000-00-00', NULL, NULL),
(41, 41, '0000-00-00', '0000-00-00', NULL, NULL),
(42, 42, '2016-08-30', '2017-08-31', NULL, NULL),
(43, 43, '0000-00-00', '0000-00-00', NULL, NULL),
(44, 44, '0000-00-00', '0000-00-00', NULL, NULL),
(45, 45, '2016-12-22', '2017-12-31', NULL, NULL),
(46, 46, '2016-12-22', '2017-12-31', NULL, NULL),
(47, 47, '2016-12-22', '2017-12-31', NULL, NULL),
(48, 48, '0000-00-00', '0000-00-00', NULL, NULL),
(49, 49, '0000-00-00', '0000-00-00', NULL, NULL),
(50, 50, '0000-00-00', '0000-00-00', NULL, NULL),
(51, 51, '0000-00-00', '0000-00-00', NULL, NULL),
(52, 52, '0000-00-00', '0000-00-00', NULL, NULL),
(53, 53, '0000-00-00', '0000-00-00', NULL, NULL),
(54, 54, '0000-00-00', '0000-00-00', NULL, NULL),
(55, 55, '2017-02-27', '2017-04-30', NULL, NULL),
(56, 56, '2016-08-26', '2017-08-31', NULL, NULL),
(57, 57, '2016-08-26', '2017-08-31', NULL, NULL),
(58, 58, '2016-12-01', '2017-12-31', NULL, NULL),
(59, 59, '2016-04-28', '2017-03-31', NULL, NULL),
(61, 61, '0000-00-00', '0000-00-00', NULL, NULL),
(62, 62, '0000-00-00', '0000-00-00', NULL, NULL),
(63, 63, '0000-00-00', '0000-00-00', NULL, NULL),
(64, 64, '0000-00-00', '0000-00-00', NULL, NULL),
(65, 65, '0000-00-00', '0000-00-00', NULL, NULL),
(66, 66, '0000-00-00', '0000-00-00', NULL, NULL),
(67, 67, '0000-00-00', '0000-00-00', NULL, NULL),
(68, 68, '0000-00-00', '0000-00-00', NULL, NULL),
(69, 69, '0000-00-00', '0000-00-00', NULL, NULL),
(70, 70, '0000-00-00', '0000-00-00', NULL, NULL),
(71, 71, '0000-00-00', '0000-00-00', NULL, NULL),
(72, 72, '0000-00-00', '0000-00-00', NULL, NULL),
(73, 73, '0000-00-00', '0000-00-00', NULL, NULL),
(74, 74, '0000-00-00', '0000-00-00', NULL, NULL),
(75, 75, '0000-00-00', '0000-00-00', NULL, NULL),
(76, 76, '0000-00-00', '0000-00-00', NULL, NULL),
(77, 77, '0000-00-00', '0000-00-00', NULL, NULL),
(78, 78, '0000-00-00', '0000-00-00', NULL, NULL),
(79, 79, '0000-00-00', '0000-00-00', NULL, NULL),
(80, 80, '0000-00-00', '0000-00-00', NULL, NULL),
(81, 81, '0000-00-00', '0000-00-00', NULL, NULL),
(82, 82, '0000-00-00', '0000-00-00', NULL, NULL),
(83, 83, '0000-00-00', '0000-00-00', NULL, NULL),
(84, 84, '0000-00-00', '0000-00-00', NULL, NULL),
(85, 85, '0000-00-00', '0000-00-00', NULL, NULL),
(86, 86, '0000-00-00', '0000-00-00', NULL, NULL),
(87, 87, '0000-00-00', '0000-00-00', NULL, NULL),
(88, 88, '0000-00-00', '0000-00-00', NULL, NULL),
(89, 89, '0000-00-00', '0000-00-00', NULL, NULL),
(90, 90, '0000-00-00', '0000-00-00', NULL, NULL),
(91, 91, '0000-00-00', '0000-00-00', NULL, NULL),
(92, 92, '0000-00-00', '0000-00-00', NULL, NULL),
(93, 93, '0000-00-00', '0000-00-00', NULL, NULL),
(94, 94, '0000-00-00', '0000-00-00', NULL, NULL),
(95, 95, '0000-00-00', '0000-00-00', NULL, NULL),
(96, 96, '0000-00-00', '0000-00-00', NULL, NULL),
(97, 97, '0000-00-00', '0000-00-00', NULL, NULL),
(98, 98, '0000-00-00', '0000-00-00', NULL, NULL),
(99, 99, '0000-00-00', '0000-00-00', NULL, NULL),
(100, 100, '0000-00-00', '0000-00-00', NULL, NULL),
(101, 101, '0000-00-00', '0000-00-00', NULL, NULL),
(102, 102, '0000-00-00', '0000-00-00', NULL, NULL),
(103, 103, '0000-00-00', '0000-00-00', NULL, NULL),
(104, 104, '0000-00-00', '0000-00-00', NULL, NULL),
(105, 105, '0000-00-00', '0000-00-00', NULL, NULL),
(106, 106, '0000-00-00', '0000-00-00', NULL, NULL),
(107, 107, '0000-00-00', '0000-00-00', NULL, NULL),
(108, 108, '0000-00-00', '0000-00-00', NULL, NULL),
(109, 109, '0000-00-00', '0000-00-00', NULL, NULL),
(110, 110, '0000-00-00', '0000-00-00', NULL, NULL),
(111, 111, '0000-00-00', '0000-00-00', NULL, NULL),
(112, 112, '2016-12-05', '2017-05-31', NULL, NULL),
(113, 113, '2016-12-05', '2017-05-31', NULL, NULL),
(114, 114, '2016-12-05', '2017-05-31', NULL, NULL),
(115, 115, '2016-12-05', '2017-05-31', NULL, NULL),
(116, 116, '2016-12-05', '2017-05-31', NULL, NULL),
(117, 117, '2016-12-05', '2017-05-31', NULL, NULL),
(118, 118, '2016-12-05', '2017-05-31', NULL, NULL),
(119, 119, '2016-12-22', '2017-12-31', NULL, NULL),
(120, 120, '2016-11-17', '2017-05-31', NULL, NULL),
(121, 121, '2016-11-17', '2017-05-31', NULL, NULL),
(122, 122, '2016-12-22', '2017-04-30', NULL, NULL),
(123, 123, '2016-12-22', '2017-04-30', NULL, NULL),
(124, 124, '2016-12-22', '2017-04-30', NULL, NULL),
(125, 125, '2016-12-22', '2017-04-30', NULL, NULL),
(126, 126, '2016-12-05', '2017-11-30', NULL, NULL),
(127, 127, '2016-12-05', '2017-11-30', NULL, NULL),
(128, 128, '2016-12-05', '2017-11-30', NULL, NULL),
(129, 129, '2016-12-05', '2017-11-30', NULL, NULL),
(130, 130, '2016-12-05', '2017-11-30', NULL, NULL),
(131, 131, '2016-12-05', '2017-11-30', NULL, NULL),
(132, 132, '2016-12-05', '2017-11-30', NULL, NULL),
(133, 133, '2016-12-05', '2017-11-30', NULL, NULL),
(134, 134, '2016-12-05', '2017-11-30', NULL, NULL),
(135, 135, '2016-12-05', '2017-11-30', NULL, NULL),
(136, 136, '2016-12-05', '2017-11-30', NULL, NULL),
(137, 137, '2016-05-31', '2017-05-31', NULL, NULL),
(138, 138, '2016-12-05', '2016-11-30', NULL, NULL),
(139, 139, '2016-05-30', '2017-05-31', NULL, NULL),
(140, 140, '0000-00-00', '0000-00-00', NULL, NULL),
(141, 141, '0000-00-00', '0000-00-00', NULL, NULL),
(142, 142, '0000-00-00', '0000-00-00', NULL, NULL),
(143, 143, '0000-00-00', '0000-00-00', NULL, NULL),
(144, 144, '0000-00-00', '0000-00-00', NULL, NULL),
(145, 145, '0000-00-00', '0000-00-00', NULL, NULL),
(146, 146, '0000-00-00', '0000-00-00', NULL, NULL),
(147, 147, '0000-00-00', '0000-00-00', NULL, NULL),
(148, 148, '0000-00-00', '0000-00-00', NULL, NULL),
(149, 149, '0000-00-00', '0000-00-00', NULL, NULL),
(150, 150, '0000-00-00', '0000-00-00', NULL, NULL),
(151, 151, '0000-00-00', '0000-00-00', NULL, NULL),
(152, 152, '0000-00-00', '0000-00-00', NULL, NULL),
(153, 153, '0000-00-00', '0000-00-00', NULL, NULL),
(154, 154, '0000-00-00', '0000-00-00', NULL, NULL),
(155, 155, '0000-00-00', '0000-00-00', NULL, NULL),
(156, 156, '0000-00-00', '0000-00-00', NULL, NULL),
(157, 157, '0000-00-00', '0000-00-00', NULL, NULL),
(158, 158, '0000-00-00', '0000-00-00', NULL, NULL),
(159, 159, '2016-12-05', '2017-05-31', NULL, NULL),
(160, 160, '0000-00-00', '0000-00-00', NULL, NULL),
(161, 161, '0000-00-00', '0000-00-00', NULL, NULL),
(162, 162, '0000-00-00', '0000-00-00', NULL, NULL),
(163, 163, '0000-00-00', '0000-00-00', NULL, NULL),
(164, 164, '0000-00-00', '0000-00-00', NULL, NULL),
(165, 165, '0000-00-00', '0000-00-00', NULL, NULL),
(166, 166, '0000-00-00', '0000-00-00', NULL, NULL),
(167, 167, '0000-00-00', '0000-00-00', NULL, NULL),
(168, 168, '0000-00-00', '0000-00-00', NULL, NULL),
(169, 169, '0000-00-00', '0000-00-00', NULL, NULL),
(170, 170, '0000-00-00', '0000-00-00', NULL, NULL),
(171, 171, '0000-00-00', '0000-00-00', NULL, NULL),
(172, 172, '0000-00-00', '0000-00-00', NULL, NULL),
(173, 173, '0000-00-00', '0000-00-00', NULL, NULL),
(174, 174, '0000-00-00', '0000-00-00', NULL, NULL),
(175, 175, '0000-00-00', '0000-00-00', NULL, NULL),
(176, 176, '0000-00-00', '0000-00-00', NULL, NULL),
(177, 177, '0000-00-00', '0000-00-00', NULL, NULL),
(178, 178, '0000-00-00', '0000-00-00', NULL, NULL),
(179, 179, '0000-00-00', '0000-00-00', NULL, NULL),
(180, 180, '2016-12-05', '2017-05-31', NULL, NULL),
(181, 181, '0000-00-00', '0000-00-00', NULL, NULL),
(182, 182, '0000-00-00', '0000-00-00', NULL, NULL),
(183, 183, '0000-00-00', '0000-00-00', NULL, NULL),
(184, 184, '0000-00-00', '0000-00-00', NULL, NULL),
(185, 185, '0000-00-00', '0000-00-00', NULL, NULL),
(186, 186, '0000-00-00', '0000-00-00', NULL, NULL),
(187, 187, '0000-00-00', '0000-00-00', NULL, NULL),
(188, 188, '0000-00-00', '0000-00-00', NULL, NULL),
(189, 189, '0000-00-00', '0000-00-00', NULL, NULL),
(190, 190, '0000-00-00', '0000-00-00', NULL, NULL),
(191, 191, '0000-00-00', '0000-00-00', NULL, NULL),
(192, 192, '0000-00-00', '0000-00-00', NULL, NULL),
(193, 193, '0000-00-00', '0000-00-00', NULL, NULL),
(194, 194, '0000-00-00', '0000-00-00', NULL, NULL),
(195, 195, '2016-05-31', '2017-05-31', NULL, NULL),
(196, 196, '0000-00-00', '0000-00-00', NULL, NULL),
(197, 197, '0000-00-00', '0000-00-00', NULL, NULL),
(198, 198, '0000-00-00', '0000-00-00', NULL, NULL),
(199, 199, '0000-00-00', '0000-00-00', NULL, NULL),
(200, 200, '0000-00-00', '0000-00-00', NULL, NULL),
(201, 201, '0000-00-00', '0000-00-00', NULL, NULL),
(202, 202, '0000-00-00', '0000-00-00', NULL, NULL),
(203, 203, '0000-00-00', '0000-00-00', NULL, NULL),
(204, 204, '0000-00-00', '0000-00-00', NULL, NULL),
(205, 205, '0000-00-00', '0000-00-00', NULL, NULL),
(206, 206, '0000-00-00', '0000-00-00', NULL, NULL),
(207, 207, '0000-00-00', '0000-00-00', NULL, NULL),
(208, 208, '0000-00-00', '0000-00-00', NULL, NULL),
(209, 209, '0000-00-00', '0000-00-00', NULL, NULL),
(210, 210, '0000-00-00', '0000-00-00', NULL, NULL),
(211, 211, '0000-00-00', '0000-00-00', NULL, NULL),
(212, 212, '0000-00-00', '0000-00-00', NULL, NULL),
(213, 213, '0000-00-00', '0000-00-00', NULL, NULL),
(214, 214, '2016-12-05', '2017-05-31', NULL, NULL),
(215, 215, '0000-00-00', '0000-00-00', NULL, NULL),
(216, 216, '0000-00-00', '0000-00-00', NULL, NULL),
(217, 217, '0000-00-00', '0000-00-00', NULL, NULL),
(218, 218, '0000-00-00', '0000-00-00', NULL, NULL),
(219, 219, '0000-00-00', '0000-00-00', NULL, NULL),
(220, 220, '0000-00-00', '0000-00-00', NULL, NULL),
(221, 221, '0000-00-00', '0000-00-00', NULL, NULL),
(222, 222, '0000-00-00', '0000-00-00', NULL, NULL),
(223, 223, '0000-00-00', '0000-00-00', NULL, NULL),
(224, 224, '0000-00-00', '0000-00-00', NULL, NULL),
(225, 225, '0000-00-00', '0000-00-00', NULL, NULL),
(226, 226, '0000-00-00', '0000-00-00', NULL, NULL),
(227, 227, '0000-00-00', '0000-00-00', NULL, NULL),
(228, 228, '0000-00-00', '0000-00-00', NULL, NULL),
(229, 229, '0000-00-00', '0000-00-00', NULL, NULL),
(230, 230, '0000-00-00', '0000-00-00', NULL, NULL),
(231, 231, '0000-00-00', '0000-00-00', NULL, NULL),
(232, 232, '0000-00-00', '0000-00-00', NULL, NULL),
(233, 233, '0000-00-00', '0000-00-00', NULL, NULL),
(234, 234, '0000-00-00', '0000-00-00', NULL, NULL),
(235, 235, '0000-00-00', '0000-00-00', NULL, NULL),
(236, 236, '0000-00-00', '0000-00-00', NULL, NULL),
(237, 237, '0000-00-00', '0000-00-00', NULL, NULL),
(238, 238, '0000-00-00', '0000-00-00', NULL, NULL),
(239, 239, '0000-00-00', '0000-00-00', NULL, NULL),
(240, 240, '0000-00-00', '0000-00-00', NULL, NULL),
(241, 241, '2016-06-24', '2017-06-30', NULL, NULL),
(242, 242, '0000-00-00', '0000-00-00', NULL, NULL),
(243, 243, '0000-00-00', '0000-00-00', NULL, NULL),
(244, 244, '0000-00-00', '0000-00-00', NULL, NULL),
(245, 245, '0000-00-00', '0000-00-00', NULL, NULL),
(246, 246, '0000-00-00', '0000-00-00', NULL, NULL),
(247, 247, '0000-00-00', '0000-00-00', NULL, NULL),
(248, 248, '0000-00-00', '0000-00-00', NULL, NULL),
(249, 249, '0000-00-00', '0000-00-00', NULL, NULL),
(250, 250, '0000-00-00', '0000-00-00', NULL, NULL),
(251, 251, '0000-00-00', '0000-00-00', NULL, NULL),
(252, 252, '0000-00-00', '0000-00-00', NULL, NULL),
(253, 253, '0000-00-00', '0000-00-00', NULL, NULL),
(254, 254, '0000-00-00', '0000-00-00', NULL, NULL),
(255, 255, '0000-00-00', '0000-00-00', NULL, NULL),
(256, 256, '0000-00-00', '0000-00-00', NULL, NULL),
(257, 257, '0000-00-00', '0000-00-00', NULL, NULL),
(258, 258, '0000-00-00', '0000-00-00', NULL, NULL),
(259, 259, '0000-00-00', '0000-00-00', NULL, NULL),
(260, 260, '0000-00-00', '0000-00-00', NULL, NULL),
(261, 261, '0000-00-00', '0000-00-00', NULL, NULL),
(262, 262, '0000-00-00', '0000-00-00', NULL, NULL),
(263, 263, '0000-00-00', '0000-00-00', NULL, NULL),
(264, 264, '0000-00-00', '0000-00-00', NULL, NULL),
(265, 265, '0000-00-00', '0000-00-00', NULL, NULL),
(266, 266, '0000-00-00', '0000-00-00', NULL, NULL),
(267, 267, '0000-00-00', '0000-00-00', NULL, NULL),
(268, 268, '0000-00-00', '0000-00-00', NULL, NULL),
(269, 269, '0000-00-00', '0000-00-00', NULL, NULL),
(270, 270, '0000-00-00', '0000-00-00', NULL, NULL),
(271, 271, '0000-00-00', '0000-00-00', NULL, NULL),
(272, 272, '2016-05-02', '2017-05-31', NULL, NULL),
(273, 273, '0000-00-00', '0000-00-00', NULL, NULL),
(274, 274, '0000-00-00', '0000-00-00', NULL, NULL),
(275, 275, '0000-00-00', '0000-00-00', NULL, NULL),
(276, 276, '0000-00-00', '0000-00-00', NULL, NULL),
(277, 277, '0000-00-00', '0000-00-00', NULL, NULL),
(278, 278, '0000-00-00', '0000-00-00', NULL, NULL),
(279, 279, '0000-00-00', '0000-00-00', NULL, NULL),
(280, 280, '0000-00-00', '0000-00-00', NULL, NULL),
(281, 281, '0000-00-00', '0000-00-00', NULL, NULL),
(282, 282, '0000-00-00', '0000-00-00', NULL, NULL),
(283, 283, '0000-00-00', '0000-00-00', NULL, NULL),
(284, 284, '0000-00-00', '0000-00-00', NULL, NULL),
(285, 285, '0000-00-00', '0000-00-00', NULL, NULL),
(286, 286, '0000-00-00', '0000-00-00', NULL, NULL),
(287, 287, '0000-00-00', '0000-00-00', NULL, NULL),
(288, 288, '0000-00-00', '0000-00-00', NULL, NULL),
(289, 289, '0000-00-00', '0000-00-00', NULL, NULL),
(290, 290, '2017-01-26', '2018-01-31', NULL, NULL),
(291, 291, '0000-00-00', '0000-00-00', NULL, NULL),
(292, 292, '0000-00-00', '0000-00-00', NULL, NULL),
(293, 293, '0000-00-00', '0000-00-00', NULL, NULL),
(294, 294, '0000-00-00', '0000-00-00', NULL, NULL),
(295, 295, '0000-00-00', '0000-00-00', NULL, NULL),
(296, 296, '0000-00-00', '0000-00-00', NULL, NULL),
(297, 297, '0000-00-00', '0000-00-00', NULL, NULL),
(298, 298, '0000-00-00', '0000-00-00', NULL, NULL),
(299, 299, '0000-00-00', '0000-00-00', NULL, NULL),
(300, 300, '0000-00-00', '0000-00-00', NULL, NULL),
(301, 301, '0000-00-00', '0000-00-00', NULL, NULL),
(302, 302, '0000-00-00', '0000-00-00', NULL, NULL),
(303, 303, '0000-00-00', '0000-00-00', NULL, NULL),
(304, 304, '0000-00-00', '0000-00-00', NULL, NULL),
(305, 305, '0000-00-00', '0000-00-00', NULL, NULL),
(306, 306, '0000-00-00', '0000-00-00', NULL, NULL),
(307, 307, '0000-00-00', '0000-00-00', NULL, NULL),
(308, 308, '2016-12-23', '2017-04-30', NULL, NULL),
(309, 309, '0000-00-00', '0000-00-00', NULL, NULL),
(310, 310, '0000-00-00', '0000-00-00', NULL, NULL),
(311, 311, '0000-00-00', '0000-00-00', NULL, NULL),
(312, 312, '0000-00-00', '0000-00-00', NULL, NULL),
(313, 313, '0000-00-00', '0000-00-00', NULL, NULL),
(314, 314, '0000-00-00', '0000-00-00', NULL, NULL),
(315, 315, '0000-00-00', '0000-00-00', NULL, NULL),
(316, 316, '0000-00-00', '0000-00-00', NULL, NULL),
(317, 317, '0000-00-00', '0000-00-00', NULL, NULL),
(318, 318, '0000-00-00', '0000-00-00', NULL, NULL),
(319, 319, '0000-00-00', '0000-00-00', NULL, NULL),
(320, 320, '0000-00-00', '0000-00-00', NULL, NULL),
(321, 321, '0000-00-00', '0000-00-00', NULL, NULL),
(322, 322, '0000-00-00', '0000-00-00', NULL, NULL),
(323, 323, '0000-00-00', '0000-00-00', NULL, NULL),
(324, 324, '0000-00-00', '0000-00-00', NULL, NULL),
(325, 325, '0000-00-00', '0000-00-00', NULL, NULL),
(326, 326, '0000-00-00', '0000-00-00', NULL, NULL),
(327, 327, '0000-00-00', '0000-00-00', NULL, NULL),
(328, 328, '0000-00-00', '0000-00-00', NULL, NULL),
(329, 329, '0000-00-00', '0000-00-00', NULL, NULL),
(330, 330, '0000-00-00', '0000-00-00', NULL, NULL),
(331, 331, '0000-00-00', '0000-00-00', NULL, NULL),
(332, 332, '0000-00-00', '0000-00-00', NULL, NULL),
(333, 333, '0000-00-00', '0000-00-00', NULL, NULL),
(334, 334, '0000-00-00', '0000-00-00', NULL, NULL),
(335, 335, '0000-00-00', '0000-00-00', NULL, NULL),
(336, 336, '0000-00-00', '0000-00-00', NULL, NULL),
(337, 337, '0000-00-00', '0000-00-00', NULL, NULL),
(338, 338, '0000-00-00', '0000-00-00', NULL, NULL),
(339, 339, '0000-00-00', '0000-00-00', NULL, NULL),
(340, 340, '0000-00-00', '0000-00-00', NULL, NULL),
(341, 341, '0000-00-00', '0000-00-00', NULL, NULL),
(342, 342, '0000-00-00', '0000-00-00', NULL, NULL),
(343, 343, '0000-00-00', '0000-00-00', NULL, NULL),
(344, 344, '0000-00-00', '0000-00-00', NULL, NULL),
(345, 345, '0000-00-00', '0000-00-00', NULL, NULL),
(346, 346, '0000-00-00', '0000-00-00', NULL, NULL),
(347, 347, '0000-00-00', '0000-00-00', NULL, NULL),
(348, 348, '0000-00-00', '0000-00-00', NULL, NULL),
(349, 349, '0000-00-00', '0000-00-00', NULL, NULL),
(350, 350, '0000-00-00', '0000-00-00', NULL, NULL),
(351, 351, '0000-00-00', '0000-00-00', NULL, NULL),
(352, 352, '0000-00-00', '0000-00-00', NULL, NULL),
(353, 353, '0000-00-00', '0000-00-00', NULL, NULL),
(354, 354, '0000-00-00', '0000-00-00', NULL, NULL),
(355, 355, '0000-00-00', '0000-00-00', NULL, NULL),
(356, 356, '0000-00-00', '0000-00-00', NULL, NULL),
(357, 357, '0000-00-00', '0000-00-00', NULL, NULL),
(358, 358, '0000-00-00', '0000-00-00', NULL, NULL),
(359, 359, '0000-00-00', '0000-00-00', NULL, NULL),
(360, 360, '0000-00-00', '0000-00-00', NULL, NULL),
(361, 361, '0000-00-00', '0000-00-00', NULL, NULL),
(362, 362, '0000-00-00', '0000-00-00', NULL, NULL),
(363, 363, '0000-00-00', '0000-00-00', NULL, NULL),
(364, 364, '0000-00-00', '0000-00-00', NULL, NULL),
(365, 365, '0000-00-00', '0000-00-00', NULL, NULL),
(366, 366, '0000-00-00', '0000-00-00', NULL, NULL),
(367, 367, '0000-00-00', '0000-00-00', NULL, NULL),
(368, 368, '0000-00-00', '0000-00-00', NULL, NULL),
(369, 369, '0000-00-00', '0000-00-00', NULL, NULL),
(370, 370, '0000-00-00', '0000-00-00', NULL, NULL),
(371, 371, '0000-00-00', '0000-00-00', NULL, NULL),
(372, 372, '0000-00-00', '0000-00-00', NULL, NULL),
(373, 373, '0000-00-00', '0000-00-00', NULL, NULL),
(374, 374, '0000-00-00', '0000-00-00', NULL, NULL),
(375, 375, '0000-00-00', '0000-00-00', NULL, NULL),
(376, 376, '0000-00-00', '0000-00-00', NULL, NULL),
(377, 377, '0000-00-00', '0000-00-00', NULL, NULL),
(378, 378, '0000-00-00', '0000-00-00', NULL, NULL),
(379, 379, '0000-00-00', '0000-00-00', NULL, NULL),
(380, 380, '0000-00-00', '0000-00-00', NULL, NULL),
(381, 381, '0000-00-00', '0000-00-00', NULL, NULL),
(382, 382, '0000-00-00', '0000-00-00', NULL, NULL),
(383, 383, '0000-00-00', '0000-00-00', NULL, NULL),
(384, 384, '0000-00-00', '0000-00-00', NULL, NULL),
(385, 385, '0000-00-00', '0000-00-00', NULL, NULL),
(386, 386, '0000-00-00', '0000-00-00', NULL, NULL),
(387, 387, '0000-00-00', '0000-00-00', NULL, NULL),
(388, 388, '0000-00-00', '0000-00-00', NULL, NULL),
(389, 389, '0000-00-00', '0000-00-00', NULL, NULL),
(390, 390, '0000-00-00', '0000-00-00', NULL, NULL),
(391, 391, '0000-00-00', '0000-00-00', NULL, NULL),
(392, 392, '0000-00-00', '0000-00-00', NULL, NULL),
(393, 393, '0000-00-00', '0000-00-00', NULL, NULL),
(394, 394, '0000-00-00', '0000-00-00', NULL, NULL),
(395, 395, '0000-00-00', '0000-00-00', NULL, NULL),
(396, 396, '0000-00-00', '0000-00-00', NULL, NULL),
(397, 397, '2017-01-19', '2017-04-30', NULL, NULL),
(398, 398, '0000-00-00', '0000-00-00', NULL, NULL),
(399, 399, '0000-00-00', '0000-00-00', NULL, NULL),
(400, 400, '0000-00-00', '0000-00-00', NULL, NULL),
(401, 401, '0000-00-00', '0000-00-00', NULL, NULL),
(402, 402, '0000-00-00', '0000-00-00', NULL, NULL),
(403, 403, '0000-00-00', '0000-00-00', NULL, NULL),
(404, 404, '0000-00-00', '0000-00-00', NULL, NULL),
(405, 405, '0000-00-00', '0000-00-00', NULL, NULL),
(406, 406, '0000-00-00', '0000-00-00', NULL, NULL),
(407, 407, '0000-00-00', '0000-00-00', NULL, NULL),
(408, 408, '0000-00-00', '0000-00-00', NULL, NULL),
(409, 409, '2016-11-11', '2017-11-30', NULL, NULL),
(410, 410, '0000-00-00', '0000-00-00', NULL, NULL),
(411, 411, '0000-00-00', '0000-00-00', NULL, NULL),
(412, 412, '0000-00-00', '0000-00-00', NULL, NULL),
(413, 413, '0000-00-00', '0000-00-00', NULL, NULL),
(414, 414, '0000-00-00', '0000-00-00', NULL, NULL);

-- --------------------------------------------------------


INSERT INTO `periodicities` (`id`, `name`, `created_at`, `updated_at`) VALUES
(1, 'Bimensual', NULL, NULL),
(2, 'Cuatrimestral', NULL, NULL),
(3, 'Trimestral', NULL, NULL),
(4, 'Semestral', NULL, NULL),
(5, 'Anual', NULL, NULL),
(6, 'N/A', NULL, NULL),
(7, '10000 kms', NULL, NULL),
(8, '15000 kms', NULL, NULL);

-- --------------------------------------------------------


INSERT INTO `services` (`id`, `ceco`, `name`, `created_at`, `updated_at`) VALUES
(1, 2210, 'Urgencia', NULL, NULL),
(2, 2310, 'Ucintensivos', NULL, NULL),
(3, 2340, 'Recién Nacido', NULL, NULL),
(4, 2410, 'Pabellón Quirurgico', NULL, NULL),
(5, 2350, 'Maternidad', NULL, NULL),
(6, 2600, 'Laboratorio Clínico', NULL, NULL),
(7, 2330, 'Hospitalización', NULL, NULL),
(8, 2500, 'Esterilización', NULL, NULL),
(9, 3400, 'Endoscopía', NULL, NULL),
(10, 3800, 'Centro Médico', NULL, NULL),
(11, 2100, 'Dirección Medica', NULL, NULL),
(12, 2320, 'Recuperación', NULL, NULL),
(13, 2700, 'Farmacia', NULL, NULL);

-- --------------------------------------------------------


INSERT INTO `purchases` (`id`, `name`, `created_at`, `updated_at`) VALUES
(1, 'Compra', NULL, NULL),
(2, 'Comodato', NULL, NULL),
(3, 'Arriendo', NULL, NULL),
(4, 'Prestamo', NULL, NULL),
(5, 'Demostracion', NULL, NULL),
(6, 'No Activo Fijo', NULL, NULL),
(7, 'No Tiene', NULL, NULL);

-- --------------------------------------------------------


INSERT INTO `types` (`id`, `name`, `observaciones`, `created_at`, `updated_at`) VALUES
(1, 'IT', 'Instalacion', NULL, NULL),
(2, 'MPC', 'Mantencion Preventiva en Contrato', NULL, NULL),
(5, 'FMI', 'Accion Correctiva Mandatoria Fabrica', NULL, NULL),
(6, 'AS', 'Actualizacion de Software', NULL, NULL),
(7, 'MPP', 'Mantencion Preventiva', NULL, NULL),
(8, 'MPG', 'Mantencion Preventiva en Garantia', NULL, NULL),
(9, 'LPR', 'Llamado por Reparacion', NULL, NULL);

-- --------------------------------------------------------

INSERT INTO `locations` (`id`, `name`, `created_at`, `updated_at`) VALUES
(1, 'Area de Lavado', NULL, NULL),
(2, 'Area Empaque', NULL, NULL),
(3, 'Area Limpia', NULL, NULL),
(4, 'Area Sucia', NULL, NULL),
(5, 'Bacteriolog', NULL, NULL),
(6, 'Banco de Sangre', NULL, NULL),
(7, 'Bioquimica', NULL, NULL),
(8, 'Bodega Esteril Esterilizacion', NULL, NULL),
(9, 'Bodega Pabellon', NULL, NULL),
(10, 'CDA', NULL, NULL),
(11, 'Consulta 10', NULL, NULL),
(12, 'Consulta 11', NULL, NULL),
(13, 'Consulta 12', NULL, NULL),
(14, 'Consulta 9', NULL, NULL),
(15, 'Endoscopia', NULL, NULL),
(16, 'Estacion Enfermeria', NULL, NULL),
(17, 'Estacion Enfermeria Hospitalizacion', NULL, NULL),
(18, 'Maternidad', NULL, NULL),
(19, 'Microbiolog', NULL, NULL),
(20, 'Oficina', NULL, NULL),
(21, 'Pabellon 1', NULL, NULL),
(22, 'Pabellon 2', NULL, NULL),
(23, 'Pabellon 3', NULL, NULL),
(24, 'Pabellon 4', NULL, NULL),
(25, 'Pabellon Lasic', NULL, NULL),
(26, 'Pasillo', NULL, NULL),
(27, 'Post Anestesia', NULL, NULL),
(28, 'Recien Nacidos', NULL, NULL),
(29, 'Sala Equipos Hospitalizaci', NULL, NULL),
(30, 'Sala Equipos Medicos', NULL, NULL),
(31, 'Sala osmosis', NULL, NULL),
(32, 'Toma de Muestras', NULL, NULL),
(33, 'UCI', NULL, NULL),
(34, 'Urgencia', NULL, NULL),
(35, 'N/A', NULL, NULL);

-- --------------------------------------------------------

